[
  {
    "topic": 1,
    "index": 1,
    "url": "https://www.examtopics.com/discussions/oracle/view/31186-exam-1z0-882-topic-1-question-5-discussion/",
    "body": "What are two ways in which normalizing your tables helps improve performance In MySQL?<br>",
    "options": [
      "<span class=\"multi-choice-letter\" data-choice-letter=\"A\">\n\t\t\t\t\t\t\t\t\t\t\t\t\tA.\n\t\t\t\t\t\t\t\t\t\t\t\t</span>\n\t\t\t\t\t\t\t\t\t\t\t\n\t\t\t\t\t\t\t\t\t\t\tSmaller table sizes and row lengths improve sorting operations.",
      "<span class=\"multi-choice-letter\" data-choice-letter=\"B\">\n\t\t\t\t\t\t\t\t\t\t\t\t\tB.\n\t\t\t\t\t\t\t\t\t\t\t\t</span>\n\t\t\t\t\t\t\t\t\t\t\t\n\t\t\t\t\t\t\t\t\t\t\tSeparate tables allow indexing more columns.",
      "<span class=\"multi-choice-letter\" data-choice-letter=\"C\">\n\t\t\t\t\t\t\t\t\t\t\t\t\tC.\n\t\t\t\t\t\t\t\t\t\t\t\t</span>\n\t\t\t\t\t\t\t\t\t\t\t\n\t\t\t\t\t\t\t\t\t\t\tFewer nullable column improve index usage.",
      "<span class=\"multi-choice-letter\" data-choice-letter=\"D\">\n\t\t\t\t\t\t\t\t\t\t\t\t\tD.\n\t\t\t\t\t\t\t\t\t\t\t\t</span>\n\t\t\t\t\t\t\t\t\t\t\t\n\t\t\t\t\t\t\t\t\t\t\tNormalizing Improves the performance of innodb_file_per _table."
    ],
    "answer": "D",
    "answerDescription": "",
    "votes": [],
    "comments": [
      {
        "date": "2021-06-20T15:56:00.000Z",
        "voteCount": 1,
        "content": "The second answer is C"
      },
      {
        "date": "2020-09-25T06:29:00.000Z",
        "voteCount": 1,
        "content": "It seems that the second answer is C"
      },
      {
        "date": "2020-09-13T04:12:00.000Z",
        "voteCount": 1,
        "content": "D is correct but what's the second way?"
      }
    ],
    "examNameCode": "1z0-882",
    "topicNumber": "1"
  },
  {
    "topic": 1,
    "index": 2,
    "url": "https://www.examtopics.com/discussions/oracle/view/31187-exam-1z0-882-topic-1-question-9-discussion/",
    "body": "Identity two ways to configure a PHP application to use the UTF8 character set.<br>",
    "options": [
      "<span class=\"multi-choice-letter\" data-choice-letter=\"A\">\n\t\t\t\t\t\t\t\t\t\t\t\t\tA.\n\t\t\t\t\t\t\t\t\t\t\t\t</span>\n\t\t\t\t\t\t\t\t\t\t\t\n\t\t\t\t\t\t\t\t\t\t\tmysqli: :query (\u2018\u2019SET NAMES utfs\u2019\u2019);",
      "<span class=\"multi-choice-letter\" data-choice-letter=\"B\">\n\t\t\t\t\t\t\t\t\t\t\t\t\tB.\n\t\t\t\t\t\t\t\t\t\t\t\t</span>\n\t\t\t\t\t\t\t\t\t\t\t\n\t\t\t\t\t\t\t\t\t\t\tmysqli : :set_charset (\u2018utf8\u2019)",
      "<span class=\"multi-choice-letter\" data-choice-letter=\"C\">\n\t\t\t\t\t\t\t\t\t\t\t\t\tC.\n\t\t\t\t\t\t\t\t\t\t\t\t</span>\n\t\t\t\t\t\t\t\t\t\t\t\n\t\t\t\t\t\t\t\t\t\t\tspdo = new PDO (\u2018\u2019mysql:host=localhost;dbname=test;charset=utfs\u2019\u2019, user\u2019\u2019, \u2018\u2019pass\u2019\u2019);",
      "<span class=\"multi-choice-letter\" data-choice-letter=\"D\">\n\t\t\t\t\t\t\t\t\t\t\t\t\tD.\n\t\t\t\t\t\t\t\t\t\t\t\t</span>\n\t\t\t\t\t\t\t\t\t\t\t\n\t\t\t\t\t\t\t\t\t\t\tPDO: :set_charset(\u2018\u2019utf8\u2019\u2019)"
    ],
    "answer": "B",
    "answerDescription": "Reference:<br>http://stackoverflow.com/questions/5842980/a-permanent-way-of-doing-mysqli-set-charset",
    "votes": [],
    "comments": [
      {
        "date": "2022-05-08T07:38:00.000Z",
        "voteCount": 1,
        "content": "I looking fron B and C"
      },
      {
        "date": "2020-09-13T04:16:00.000Z",
        "voteCount": 1,
        "content": "Is it B and C ?"
      }
    ],
    "examNameCode": "1z0-882",
    "topicNumber": "1"
  },
  {
    "topic": 1,
    "index": 3,
    "url": "https://www.examtopics.com/discussions/oracle/view/14485-exam-1z0-882-topic-1-question-11-discussion/",
    "body": "Which three are valid identifiers for the user table in the mysq1 database?<br>",
    "options": [
      "<span class=\"multi-choice-letter\" data-choice-letter=\"A\">\n\t\t\t\t\t\t\t\t\t\t\t\t\tA.\n\t\t\t\t\t\t\t\t\t\t\t\t</span>\n\t\t\t\t\t\t\t\t\t\t\t\n\t\t\t\t\t\t\t\t\t\t\tmyssq1. user",
      "<span class=\"multi-choice-letter\" data-choice-letter=\"B\">\n\t\t\t\t\t\t\t\t\t\t\t\t\tB.\n\t\t\t\t\t\t\t\t\t\t\t\t</span>\n\t\t\t\t\t\t\t\t\t\t\t\n\t\t\t\t\t\t\t\t\t\t\t\u2018mysq1. user\u2019",
      "<span class=\"multi-choice-letter\" data-choice-letter=\"C\">\n\t\t\t\t\t\t\t\t\t\t\t\t\tC.\n\t\t\t\t\t\t\t\t\t\t\t\t</span>\n\t\t\t\t\t\t\t\t\t\t\t\n\t\t\t\t\t\t\t\t\t\t\t\u2018mysq1\u2019. \u2018user\u2019",
      "<span class=\"multi-choice-letter\" data-choice-letter=\"D\">\n\t\t\t\t\t\t\t\t\t\t\t\t\tD.\n\t\t\t\t\t\t\t\t\t\t\t\t</span>\n\t\t\t\t\t\t\t\t\t\t\t\n\t\t\t\t\t\t\t\t\t\t\tMysq1. \u2018user\u2019",
      "<span class=\"multi-choice-letter\" data-choice-letter=\"E\">\n\t\t\t\t\t\t\t\t\t\t\t\t\tE.\n\t\t\t\t\t\t\t\t\t\t\t\t</span>\n\t\t\t\t\t\t\t\t\t\t\t\n\t\t\t\t\t\t\t\t\t\t\t\u2018\u2019mysq1. User\u2019\u2019"
    ],
    "answer": "ACD",
    "answerDescription": "",
    "votes": [],
    "comments": [
      {
        "date": "2022-05-08T07:52:00.000Z",
        "voteCount": 1,
        "content": "There is a spelling mistake  on answer A! x2"
      },
      {
        "date": "2020-02-19T19:03:00.000Z",
        "voteCount": 2,
        "content": "There is a spelling mistake  on answer A!"
      }
    ],
    "examNameCode": "1z0-882",
    "topicNumber": "1"
  },
  {
    "topic": 1,
    "index": 4,
    "url": "https://www.examtopics.com/discussions/oracle/view/12418-exam-1z0-882-topic-1-question-12-discussion/",
    "body": "You have a transaction that queries a table at the beginning of the transaction and performs the same query later.<br>Which two transaction isolation levels guarantee that you get the same results both times?<br>",
    "options": [
      "<span class=\"multi-choice-letter\" data-choice-letter=\"A\">\n\t\t\t\t\t\t\t\t\t\t\t\t\tA.\n\t\t\t\t\t\t\t\t\t\t\t\t</span>\n\t\t\t\t\t\t\t\t\t\t\t\n\t\t\t\t\t\t\t\t\t\t\tRepeatable read",
      "<span class=\"multi-choice-letter\" data-choice-letter=\"B\">\n\t\t\t\t\t\t\t\t\t\t\t\t\tB.\n\t\t\t\t\t\t\t\t\t\t\t\t</span>\n\t\t\t\t\t\t\t\t\t\t\t\n\t\t\t\t\t\t\t\t\t\t\tRead committed",
      "<span class=\"multi-choice-letter\" data-choice-letter=\"C\">\n\t\t\t\t\t\t\t\t\t\t\t\t\tC.\n\t\t\t\t\t\t\t\t\t\t\t\t</span>\n\t\t\t\t\t\t\t\t\t\t\t\n\t\t\t\t\t\t\t\t\t\t\tRead uncommitted",
      "<span class=\"multi-choice-letter\" data-choice-letter=\"D\">\n\t\t\t\t\t\t\t\t\t\t\t\t\tD.\n\t\t\t\t\t\t\t\t\t\t\t\t</span>\n\t\t\t\t\t\t\t\t\t\t\t\n\t\t\t\t\t\t\t\t\t\t\tSingle user",
      "<span class=\"multi-choice-letter\" data-choice-letter=\"E\">\n\t\t\t\t\t\t\t\t\t\t\t\t\tE.\n\t\t\t\t\t\t\t\t\t\t\t\t</span>\n\t\t\t\t\t\t\t\t\t\t\t\n\t\t\t\t\t\t\t\t\t\t\tserializable"
    ],
    "answer": "AE",
    "answerDescription": "Reference:<br>http://dev.mysql.com/doc/refman/5.0/en/commit.html",
    "votes": [],
    "comments": [
      {
        "date": "2020-01-20T20:15:00.000Z",
        "voteCount": 1,
        "content": "reference for MySQL 5.6\nref:https://dev.mysql.com/doc/refman/5.6/en/innodb-transaction-isolation-levels.html"
      }
    ],
    "examNameCode": "1z0-882",
    "topicNumber": "1"
  },
  {
    "topic": 1,
    "index": 5,
    "url": "https://www.examtopics.com/discussions/oracle/view/19379-exam-1z0-882-topic-1-question-16-discussion/",
    "body": "In MYSQL 5.6 you have the table t1:<br>CREATE TABLE t1 (<br>id int unsigned NOT NULL PRIMARY key) ENGINE = InnoDB;<br>There are two connections to the server. They execute in this order:<br>Connection 1&gt; SET  TRANSACTION ISOLATION LEVEL REPEATABLE READ;<br>Connection 1&gt; START  TRANSACTION;<br>Connection 1&gt; SELECT * FROM t1 WHERE id =1;<br>Connection 2&gt; TRUNCATE TABLE  t1;<br>What happens to the TRUNCATE TABLE command in connection 2?<br>",
    "options": [
      "<span class=\"multi-choice-letter\" data-choice-letter=\"A\">\n\t\t\t\t\t\t\t\t\t\t\t\t\tA.\n\t\t\t\t\t\t\t\t\t\t\t\t</span>\n\t\t\t\t\t\t\t\t\t\t\t\n\t\t\t\t\t\t\t\t\t\t\tIt immediately proceeds and causes an implicit commit of the transaction in connection1.",
      "<span class=\"multi-choice-letter\" data-choice-letter=\"B\">\n\t\t\t\t\t\t\t\t\t\t\t\t\tB.\n\t\t\t\t\t\t\t\t\t\t\t\t</span>\n\t\t\t\t\t\t\t\t\t\t\t\n\t\t\t\t\t\t\t\t\t\t\tIt runs concurrently with the transaction in connection 1 as each connection has its own view of the data in the t1 table.",
      "<span class=\"multi-choice-letter\" data-choice-letter=\"C\">\n\t\t\t\t\t\t\t\t\t\t\t\t\tC.\n\t\t\t\t\t\t\t\t\t\t\t\t</span>\n\t\t\t\t\t\t\t\t\t\t\t\n\t\t\t\t\t\t\t\t\t\t\tIt blocks waiting for a metadata lock until the transaction in connection 1 ends.",
      "<span class=\"multi-choice-letter\" data-choice-letter=\"D\">\n\t\t\t\t\t\t\t\t\t\t\t\t\tD.\n\t\t\t\t\t\t\t\t\t\t\t\t</span>\n\t\t\t\t\t\t\t\t\t\t\t\n\t\t\t\t\t\t\t\t\t\t\tIt blocks waiting for a table lock until the transaction in connection 1 ends."
    ],
    "answer": "C",
    "answerDescription": "",
    "votes": [],
    "comments": [
      {
        "date": "2020-04-30T08:24:00.000Z",
        "voteCount": 1,
        "content": "C wrong Answer, the right answer D.\nhttps://dev.mysql.com/doc/refman/5.6/en/innodb-information-schema-transactions.html"
      }
    ],
    "examNameCode": "1z0-882",
    "topicNumber": "1"
  },
  {
    "topic": 1,
    "index": 6,
    "url": "https://www.examtopics.com/discussions/oracle/view/75310-exam-1z0-882-topic-1-question-19-discussion/",
    "body": "You have two test tables:<br>\u2711 Code_innodb as InnoDB engine<br>\u2711 Code_ myisam as MYISAM engine<br>The tables have the same structure:<br><img src=\"/assets/media/exam-media/02338/0001200003.jpg\" class=\"in-exam-image\"><br>The tables have one row of data:<br><img src=\"/assets/media/exam-media/02338/0001200004.jpg\" class=\"in-exam-image\"><br>You execute an INSERT statement on both code_myisam tables and receive duplicate key errors: mysql&gt; INSERT  INTO code_innodb VALUES (1, Alpha), (2, Beta), (3, charlie,),(4, Delta);<br>ERROR 1062 (23000): Duplicate entry 3 for key PRIMARY<br>Mysql&gt; INSERT INTO code_myisam VALUES (1, Alpha), (2, Beta), (3, charlie),<br>(4, Delta);<br>ERROR 1062 (23000); Duplicate entry 3 for key PRIMARY<br>What is the expected output of the SELECT statements?<br><img src=\"/assets/media/exam-media/02338/0001300001.jpg\" class=\"in-exam-image\"><br><br>",
    "options": [
      "<span class=\"multi-choice-letter\" data-choice-letter=\"A\">\n\t\t\t\t\t\t\t\t\t\t\t\t\tA.\n\t\t\t\t\t\t\t\t\t\t\t\t</span>\n\t\t\t\t\t\t\t\t\t\t\t\n\t\t\t\t\t\t\t\t\t\t\tOption A",
      "<span class=\"multi-choice-letter\" data-choice-letter=\"B\">\n\t\t\t\t\t\t\t\t\t\t\t\t\tB.\n\t\t\t\t\t\t\t\t\t\t\t\t</span>\n\t\t\t\t\t\t\t\t\t\t\t\n\t\t\t\t\t\t\t\t\t\t\tOption B",
      "<span class=\"multi-choice-letter\" data-choice-letter=\"C\">\n\t\t\t\t\t\t\t\t\t\t\t\t\tC.\n\t\t\t\t\t\t\t\t\t\t\t\t</span>\n\t\t\t\t\t\t\t\t\t\t\t\n\t\t\t\t\t\t\t\t\t\t\tOption C",
      "<span class=\"multi-choice-letter\" data-choice-letter=\"D\">\n\t\t\t\t\t\t\t\t\t\t\t\t\tD.\n\t\t\t\t\t\t\t\t\t\t\t\t</span>\n\t\t\t\t\t\t\t\t\t\t\t\n\t\t\t\t\t\t\t\t\t\t\tOption D"
    ],
    "answer": "A",
    "answerDescription": "",
    "votes": [],
    "comments": [
      {
        "date": "2022-05-08T10:52:00.000Z",
        "voteCount": 1,
        "content": "Is it possible that there is an error in this question?"
      }
    ],
    "examNameCode": "1z0-882",
    "topicNumber": "1"
  },
  {
    "topic": 1,
    "index": 7,
    "url": "https://www.examtopics.com/discussions/oracle/view/330-exam-1z0-882-topic-1-question-21-discussion/",
    "body": "A table (t1) contains 1000 random integer values in the first column (col1).The random values are in the range of 0-1000.<br>Examine this query:<br>SELECT col1 FROM t1 WHERE col1 &lt;=100 UNION<br>SELECT col1 FROM t1 WHERE col1 &gt;=900 ORDER BY col1 DESC<br>What is the expected output?<br>",
    "options": [
      "<span class=\"multi-choice-letter\" data-choice-letter=\"A\">\n\t\t\t\t\t\t\t\t\t\t\t\t\tA.\n\t\t\t\t\t\t\t\t\t\t\t\t</span>\n\t\t\t\t\t\t\t\t\t\t\t\n\t\t\t\t\t\t\t\t\t\t\tA list of all values, including duplicates, sorted in descending order in the ranges of 0-100 and 900-1000",
      "<span class=\"multi-choice-letter\" data-choice-letter=\"B\">\n\t\t\t\t\t\t\t\t\t\t\t\t\tB.\n\t\t\t\t\t\t\t\t\t\t\t\t</span>\n\t\t\t\t\t\t\t\t\t\t\t\n\t\t\t\t\t\t\t\t\t\t\tA list of all random unsorted values, including duplicates, in the range of 0-100 followed by the list of all values, including in the range of 900-1000 sorted in descending order",
      "<span class=\"multi-choice-letter\" data-choice-letter=\"C\">\n\t\t\t\t\t\t\t\t\t\t\t\t\tC.\n\t\t\t\t\t\t\t\t\t\t\t\t</span>\n\t\t\t\t\t\t\t\t\t\t\t\n\t\t\t\t\t\t\t\t\t\t\tA list of unique random values in the range of 0-100 followed by the list of unique values in the range of 900-1000 sorted in descending order",
      "<span class=\"multi-choice-letter\" data-choice-letter=\"D\">\n\t\t\t\t\t\t\t\t\t\t\t\t\tD.\n\t\t\t\t\t\t\t\t\t\t\t\t</span>\n\t\t\t\t\t\t\t\t\t\t\t\n\t\t\t\t\t\t\t\t\t\t\tA list of all unique values sorted in descending order within the ranges of 0-100 and 900-1000"
    ],
    "answer": "B",
    "answerDescription": "",
    "votes": [],
    "comments": [
      {
        "date": "2022-05-08T10:59:00.000Z",
        "voteCount": 1,
        "content": "The B says included duplicates"
      },
      {
        "date": "2022-05-08T10:59:00.000Z",
        "voteCount": 1,
        "content": "I lean towards C"
      },
      {
        "date": "2020-09-12T11:08:00.000Z",
        "voteCount": 1,
        "content": "I have tested it, the values come in DESC order.\n1000\n.\n.\n.\n1\n\nall are unique"
      },
      {
        "date": "2020-02-19T08:27:00.000Z",
        "voteCount": 3,
        "content": "It seems it will be C"
      },
      {
        "date": "2019-02-14T00:37:00.000Z",
        "voteCount": 2,
        "content": "Isn't it D? Refer to: https://dev.mysql.com/doc/refman/5.6/en/union.html"
      }
    ],
    "examNameCode": "1z0-882",
    "topicNumber": "1"
  },
  {
    "topic": 1,
    "index": 8,
    "url": "https://www.examtopics.com/discussions/oracle/view/35301-exam-1z0-882-topic-1-question-22-discussion/",
    "body": "A SELECT statement without an ORDER BY clause return some rows.<br>Which statement is always true about the order of the returned results?<br>",
    "options": [
      "<span class=\"multi-choice-letter\" data-choice-letter=\"A\">\n\t\t\t\t\t\t\t\t\t\t\t\t\tA.\n\t\t\t\t\t\t\t\t\t\t\t\t</span>\n\t\t\t\t\t\t\t\t\t\t\t\n\t\t\t\t\t\t\t\t\t\t\tThe results are in ascending order.",
      "<span class=\"multi-choice-letter\" data-choice-letter=\"B\">\n\t\t\t\t\t\t\t\t\t\t\t\t\tB.\n\t\t\t\t\t\t\t\t\t\t\t\t</span>\n\t\t\t\t\t\t\t\t\t\t\t\n\t\t\t\t\t\t\t\t\t\t\tThe results are in descending order.",
      "<span class=\"multi-choice-letter\" data-choice-letter=\"C\">\n\t\t\t\t\t\t\t\t\t\t\t\t\tC.\n\t\t\t\t\t\t\t\t\t\t\t\t</span>\n\t\t\t\t\t\t\t\t\t\t\t\n\t\t\t\t\t\t\t\t\t\t\tThe results are in the order inserted.",
      "<span class=\"multi-choice-letter\" data-choice-letter=\"D\">\n\t\t\t\t\t\t\t\t\t\t\t\t\tD.\n\t\t\t\t\t\t\t\t\t\t\t\t</span>\n\t\t\t\t\t\t\t\t\t\t\t\n\t\t\t\t\t\t\t\t\t\t\tThe results are not in a set order."
    ],
    "answer": "C",
    "answerDescription": "Reference: http://www.postgresql.org/docs/8.2/static/sql-select.html#SQL-ORDERBY",
    "votes": [],
    "comments": [
      {
        "date": "2020-10-27T04:52:00.000Z",
        "voteCount": 1,
        "content": "The answer is D."
      }
    ],
    "examNameCode": "1z0-882",
    "topicNumber": "1"
  },
  {
    "topic": 1,
    "index": 9,
    "url": "https://www.examtopics.com/discussions/oracle/view/75314-exam-1z0-882-topic-1-question-28-discussion/",
    "body": "Using the MYSQL command \u2013line client you have received the error \"Lost connection to MYSQL server query\"<br>Which three are possible causes of the error?<br>",
    "options": [
      "<span class=\"multi-choice-letter\" data-choice-letter=\"A\">\n\t\t\t\t\t\t\t\t\t\t\t\t\tA.\n\t\t\t\t\t\t\t\t\t\t\t\t</span>\n\t\t\t\t\t\t\t\t\t\t\t\n\t\t\t\t\t\t\t\t\t\t\tThe MYSQL server stopped working during query execution.",
      "<span class=\"multi-choice-letter\" data-choice-letter=\"B\">\n\t\t\t\t\t\t\t\t\t\t\t\t\tB.\n\t\t\t\t\t\t\t\t\t\t\t\t</span>\n\t\t\t\t\t\t\t\t\t\t\t\n\t\t\t\t\t\t\t\t\t\t\tThe network connection was interrupted during query execution.",
      "<span class=\"multi-choice-letter\" data-choice-letter=\"C\">\n\t\t\t\t\t\t\t\t\t\t\t\t\tC.\n\t\t\t\t\t\t\t\t\t\t\t\t</span>\n\t\t\t\t\t\t\t\t\t\t\t\n\t\t\t\t\t\t\t\t\t\t\tThe connection that issued the query was killed.",
      "<span class=\"multi-choice-letter\" data-choice-letter=\"D\">\n\t\t\t\t\t\t\t\t\t\t\t\t\tD.\n\t\t\t\t\t\t\t\t\t\t\t\t</span>\n\t\t\t\t\t\t\t\t\t\t\t\n\t\t\t\t\t\t\t\t\t\t\tThe client connection stayed idle for longer than interactive \u2013timeout seconds and was closed.",
      "<span class=\"multi-choice-letter\" data-choice-letter=\"E\">\n\t\t\t\t\t\t\t\t\t\t\t\t\tE.\n\t\t\t\t\t\t\t\t\t\t\t\t</span>\n\t\t\t\t\t\t\t\t\t\t\t\n\t\t\t\t\t\t\t\t\t\t\tThe client sent an erroneous query to the server causing the connection to be closed.",
      "<span class=\"multi-choice-letter\" data-choice-letter=\"F\">\n\t\t\t\t\t\t\t\t\t\t\t\t\tF.\n\t\t\t\t\t\t\t\t\t\t\t\t</span>\n\t\t\t\t\t\t\t\t\t\t\t\n\t\t\t\t\t\t\t\t\t\t\tThe server interrupted client connection after max-connect-errors was achieved."
    ],
    "answer": "BEF",
    "answerDescription": "",
    "votes": [],
    "comments": [
      {
        "date": "2022-05-08T13:30:00.000Z",
        "voteCount": 1,
        "content": "I dont understand the 'E' ..."
      }
    ],
    "examNameCode": "1z0-882",
    "topicNumber": "1"
  },
  {
    "topic": 1,
    "index": 10,
    "url": "https://www.examtopics.com/discussions/oracle/view/12024-exam-1z0-882-topic-1-question-30-discussion/",
    "body": "Which three view types are not updateable?<br>",
    "options": [
      "<span class=\"multi-choice-letter\" data-choice-letter=\"A\">\n\t\t\t\t\t\t\t\t\t\t\t\t\tA.\n\t\t\t\t\t\t\t\t\t\t\t\t</span>\n\t\t\t\t\t\t\t\t\t\t\t\n\t\t\t\t\t\t\t\t\t\t\tA view created with the TEMPTABLE algorithm",
      "<span class=\"multi-choice-letter\" data-choice-letter=\"B\">\n\t\t\t\t\t\t\t\t\t\t\t\t\tB.\n\t\t\t\t\t\t\t\t\t\t\t\t</span>\n\t\t\t\t\t\t\t\t\t\t\t\n\t\t\t\t\t\t\t\t\t\t\tA view containing a GROUP BY clause",
      "<span class=\"multi-choice-letter\" data-choice-letter=\"C\">\n\t\t\t\t\t\t\t\t\t\t\t\t\tC.\n\t\t\t\t\t\t\t\t\t\t\t\t</span>\n\t\t\t\t\t\t\t\t\t\t\t\n\t\t\t\t\t\t\t\t\t\t\tA view containing a WHERE clause",
      "<span class=\"multi-choice-letter\" data-choice-letter=\"D\">\n\t\t\t\t\t\t\t\t\t\t\t\t\tD.\n\t\t\t\t\t\t\t\t\t\t\t\t</span>\n\t\t\t\t\t\t\t\t\t\t\t\n\t\t\t\t\t\t\t\t\t\t\tA view containing a HAVING clause",
      "<span class=\"multi-choice-letter\" data-choice-letter=\"E\">\n\t\t\t\t\t\t\t\t\t\t\t\t\tE.\n\t\t\t\t\t\t\t\t\t\t\t\t</span>\n\t\t\t\t\t\t\t\t\t\t\t\n\t\t\t\t\t\t\t\t\t\t\tA view that contains a literal column"
    ],
    "answer": "BCD",
    "answerDescription": "Reference:<br>http://dev.mysql.com/doc/refman/5.0/en/view-updatability.html",
    "votes": [],
    "comments": [
      {
        "date": "2020-01-14T16:53:00.000Z",
        "voteCount": 2,
        "content": "As written in the reference, the answer should be ABD."
      },
      {
        "date": "2020-02-28T07:41:00.000Z",
        "voteCount": 1,
        "content": "I agreed with you"
      }
    ],
    "examNameCode": "1z0-882",
    "topicNumber": "1"
  },
  {
    "topic": 1,
    "index": 11,
    "url": "https://www.examtopics.com/discussions/oracle/view/75315-exam-1z0-882-topic-1-question-35-discussion/",
    "body": "The contents of the parent and child tables are:<br><img src=\"/assets/media/exam-media/02338/0002500001.jpg\" class=\"in-exam-image\"><br>The child table has the parent_id column that has a foreign key constraint to the id column of the parent table with ON DELETE CASCADE clause.<br>Consider the command WHERE id =1;<br>What is the effect of the above command?<br>",
    "options": [
      "<span class=\"multi-choice-letter\" data-choice-letter=\"A\">\n\t\t\t\t\t\t\t\t\t\t\t\t\tA.\n\t\t\t\t\t\t\t\t\t\t\t\t</span>\n\t\t\t\t\t\t\t\t\t\t\t\n\t\t\t\t\t\t\t\t\t\t\tIt does not delete anything from any table but returns an error.",
      "<span class=\"multi-choice-letter\" data-choice-letter=\"B\">\n\t\t\t\t\t\t\t\t\t\t\t\t\tB.\n\t\t\t\t\t\t\t\t\t\t\t\t</span>\n\t\t\t\t\t\t\t\t\t\t\t\n\t\t\t\t\t\t\t\t\t\t\tIt deletes one row from the parent table but does not affect the child table.",
      "<span class=\"multi-choice-letter\" data-choice-letter=\"C\">\n\t\t\t\t\t\t\t\t\t\t\t\t\tC.\n\t\t\t\t\t\t\t\t\t\t\t\t</span>\n\t\t\t\t\t\t\t\t\t\t\t\n\t\t\t\t\t\t\t\t\t\t\tIt deletes one row from the parent table and two rows from the child table.",
      "<span class=\"multi-choice-letter\" data-choice-letter=\"D\">\n\t\t\t\t\t\t\t\t\t\t\t\t\tD.\n\t\t\t\t\t\t\t\t\t\t\t\t</span>\n\t\t\t\t\t\t\t\t\t\t\t\n\t\t\t\t\t\t\t\t\t\t\tIt deletes one row from the parent table and sets the parent _id column to NULL in the child."
    ],
    "answer": "C",
    "answerDescription": "",
    "votes": [],
    "comments": [
      {
        "date": "2022-05-08T14:17:00.000Z",
        "voteCount": 1,
        "content": "The command is incomplete..."
      }
    ],
    "examNameCode": "1z0-882",
    "topicNumber": "1"
  },
  {
    "topic": 1,
    "index": 12,
    "url": "https://www.examtopics.com/discussions/oracle/view/14685-exam-1z0-882-topic-1-question-36-discussion/",
    "body": "Using the query:<br>SELECT Code FROM country WHERE Name = united states<br>Which statement executed in the mysql client would create a prepared statement?<br>",
    "options": [
      "<span class=\"multi-choice-letter\" data-choice-letter=\"A\">\n\t\t\t\t\t\t\t\t\t\t\t\t\tA.\n\t\t\t\t\t\t\t\t\t\t\t\t</span>\n\t\t\t\t\t\t\t\t\t\t\t\n\t\t\t\t\t\t\t\t\t\t\tPREPARE STATEMENT countrycode FROM \u2018SELECT code FROM counyry WHERE Name =?.;",
      "<span class=\"multi-choice-letter\" data-choice-letter=\"B\">\n\t\t\t\t\t\t\t\t\t\t\t\t\tB.\n\t\t\t\t\t\t\t\t\t\t\t\t</span>\n\t\t\t\t\t\t\t\t\t\t\t\n\t\t\t\t\t\t\t\t\t\t\tPREPARE countrycode As \u2018SELECT code FROM country WHERE Name =?.;",
      "<span class=\"multi-choice-letter\" data-choice-letter=\"C\">\n\t\t\t\t\t\t\t\t\t\t\t\t\tC.\n\t\t\t\t\t\t\t\t\t\t\t\t</span>\n\t\t\t\t\t\t\t\t\t\t\t\n\t\t\t\t\t\t\t\t\t\t\tPREPARE countrycode FROM \u2018SELECT code FROM country WHERE Name =?.;",
      "<span class=\"multi-choice-letter\" data-choice-letter=\"D\">\n\t\t\t\t\t\t\t\t\t\t\t\t\tD.\n\t\t\t\t\t\t\t\t\t\t\t\t</span>\n\t\t\t\t\t\t\t\t\t\t\t\n\t\t\t\t\t\t\t\t\t\t\tPREPARE STATEMENT countrycode As \u2018SELECT code FROM country WHERE Name =?.;"
    ],
    "answer": "C",
    "answerDescription": "Reference:<br>http://www.timlin.net/csm/cis363/mysql18.html",
    "votes": [],
    "comments": [
      {
        "date": "2020-02-22T04:43:00.000Z",
        "voteCount": 1,
        "content": "This is the right answer but it's missing a quote. A full statement should look like this:\nPREPARE countrycode FROM \"SELECT code FROM world.country WHERE Name = 'Aruba' \";"
      },
      {
        "date": "2020-02-22T04:51:00.000Z",
        "voteCount": 1,
        "content": "Well instead 'Aruba' you have '?'"
      }
    ],
    "examNameCode": "1z0-882",
    "topicNumber": "1"
  },
  {
    "topic": 1,
    "index": 13,
    "url": "https://www.examtopics.com/discussions/oracle/view/331-exam-1z0-882-topic-1-question-38-discussion/",
    "body": "A table (t1) contains 1000 random integer values in the first column (col1). The random values range from 1 to 1000.<br>You execute this query:<br>SELECT col1 FROM t1 WHERE col1&lt; 100<br><br>UNION -<br>SELECT col1 FROM t1 WHERE col1 BETWEEN 100 and 200<br><br>UNION ALL -<br>SELECT col1 FROM t1 WHERE col 1 &gt;=900<br>What is the output?<br>",
    "options": [
      "<span class=\"multi-choice-letter\" data-choice-letter=\"A\">\n\t\t\t\t\t\t\t\t\t\t\t\t\tA.\n\t\t\t\t\t\t\t\t\t\t\t\t</span>\n\t\t\t\t\t\t\t\t\t\t\t\n\t\t\t\t\t\t\t\t\t\t\tA list of unique values within the ranges of 1-200 and 900-1000",
      "<span class=\"multi-choice-letter\" data-choice-letter=\"B\">\n\t\t\t\t\t\t\t\t\t\t\t\t\tB.\n\t\t\t\t\t\t\t\t\t\t\t\t</span>\n\t\t\t\t\t\t\t\t\t\t\t\n\t\t\t\t\t\t\t\t\t\t\tA list of unique values within the range of 1-200 and a list of all values, including duplicates, on the table within the range of 900-1000",
      "<span class=\"multi-choice-letter\" data-choice-letter=\"C\">\n\t\t\t\t\t\t\t\t\t\t\t\t\tC.\n\t\t\t\t\t\t\t\t\t\t\t\t</span>\n\t\t\t\t\t\t\t\t\t\t\t\n\t\t\t\t\t\t\t\t\t\t\tA list of all values , including duplicates, in the range of 1-200 and a list of unique values in the range of 900-1000",
      "<span class=\"multi-choice-letter\" data-choice-letter=\"D\">\n\t\t\t\t\t\t\t\t\t\t\t\t\tD.\n\t\t\t\t\t\t\t\t\t\t\t\t</span>\n\t\t\t\t\t\t\t\t\t\t\t\n\t\t\t\t\t\t\t\t\t\t\tA list of all values, including duplicates, in the ranges of 1-200 and 900-1000",
      "<span class=\"multi-choice-letter\" data-choice-letter=\"E\">\n\t\t\t\t\t\t\t\t\t\t\t\t\tE.\n\t\t\t\t\t\t\t\t\t\t\t\t</span>\n\t\t\t\t\t\t\t\t\t\t\t\n\t\t\t\t\t\t\t\t\t\t\tAn error, because mixing UNION and UNION ALL in the same query is not permitted"
    ],
    "answer": "C",
    "answerDescription": "",
    "votes": [],
    "comments": [
      {
        "date": "2020-02-22T17:10:00.000Z",
        "voteCount": 2,
        "content": "I think the answer is B as well."
      },
      {
        "date": "2020-01-14T22:42:00.000Z",
        "voteCount": 2,
        "content": "I tried with some sample data.And I think the answer is B.\nIf UNION ALL comes before UNION, the result will be distinct."
      },
      {
        "date": "2019-02-14T01:45:00.000Z",
        "voteCount": 1,
        "content": "Isn't it A? Ref: https://dev.mysql.com/doc/refman/5.6/en/union.html"
      }
    ],
    "examNameCode": "1z0-882",
    "topicNumber": "1"
  },
  {
    "topic": 1,
    "index": 14,
    "url": "https://www.examtopics.com/discussions/oracle/view/12027-exam-1z0-882-topic-1-question-41-discussion/",
    "body": "Inspect the CREATE TABLE below:<br>Mysql&gt; CREATE TABLE foo (a INT, PRIMARY KEY (a)) ENGINE =InnoDB;<br>Query Ok, 0 rows affected, 2 warnings (0.11 sec)<br>Mysql&gt; SHOW WARNINGS;<br><img src=\"/assets/media/exam-media/02338/0002900001.jpg\" class=\"in-exam-image\"><br>Which two is true connecting the meaning of the warnings?<br>",
    "options": [
      "<span class=\"multi-choice-letter\" data-choice-letter=\"A\">\n\t\t\t\t\t\t\t\t\t\t\t\t\tA.\n\t\t\t\t\t\t\t\t\t\t\t\t</span>\n\t\t\t\t\t\t\t\t\t\t\t\n\t\t\t\t\t\t\t\t\t\t\tThe InnoDB storage engine was disabled during server startup.",
      "<span class=\"multi-choice-letter\" data-choice-letter=\"B\">\n\t\t\t\t\t\t\t\t\t\t\t\t\tB.\n\t\t\t\t\t\t\t\t\t\t\t\t</span>\n\t\t\t\t\t\t\t\t\t\t\t\n\t\t\t\t\t\t\t\t\t\t\tGlobal variable skip _innodb was set to ON after the server had started.",
      "<span class=\"multi-choice-letter\" data-choice-letter=\"C\">\n\t\t\t\t\t\t\t\t\t\t\t\t\tC.\n\t\t\t\t\t\t\t\t\t\t\t\t</span>\n\t\t\t\t\t\t\t\t\t\t\t\n\t\t\t\t\t\t\t\t\t\t\tThe default storage engine MYISAM was used for the table created.",
      "<span class=\"multi-choice-letter\" data-choice-letter=\"D\">\n\t\t\t\t\t\t\t\t\t\t\t\t\tD.\n\t\t\t\t\t\t\t\t\t\t\t\t</span>\n\t\t\t\t\t\t\t\t\t\t\t\n\t\t\t\t\t\t\t\t\t\t\tMYSQL server was not started with the option default \u2013storage \u2013engine=InnoDB",
      "<span class=\"multi-choice-letter\" data-choice-letter=\"E\">\n\t\t\t\t\t\t\t\t\t\t\t\t\tE.\n\t\t\t\t\t\t\t\t\t\t\t\t</span>\n\t\t\t\t\t\t\t\t\t\t\t\n\t\t\t\t\t\t\t\t\t\t\tNeeded to specify TYPE = InnoDB instead of ENGINE=InnoDB"
    ],
    "answer": "DE",
    "answerDescription": "",
    "votes": [],
    "comments": [
      {
        "date": "2020-01-14T23:35:00.000Z",
        "voteCount": 2,
        "content": "The answer may be A and C.\nref: https://dev.mysql.com/doc/refman/5.6/en/innodb-turning-off.html\nref: https://dev.mysql.com/doc/refman/5.6/en/innodb-parameters.html"
      }
    ],
    "examNameCode": "1z0-882",
    "topicNumber": "1"
  },
  {
    "topic": 1,
    "index": 15,
    "url": "https://www.examtopics.com/discussions/oracle/view/31188-exam-1z0-882-topic-1-question-44-discussion/",
    "body": "Inspect the query:<br>Mysql&gt;SELECT dept_no, emp_no FROM employees JOIN dept _manager USING(emp_no) WHERE dept_nod004;<br><img src=\"/assets/media/exam-media/02338/0003100001.jpg\" class=\"in-exam-image\"><br>4 rows in set (0.00 sec)<br>Mysql&gt;EXPLAIN SELECT dept_no, emp_no FROM employees JOIN dept_manager USING (emp_no) WHERE dept_no=d004;<br><img src=\"/assets/media/exam-media/02338/0003100002.jpg\" class=\"in-exam-image\"><br>2 rows in set (0.00 sec)<br>Which two statements are true about the EXPLAIN output?<br>",
    "options": [
      "<span class=\"multi-choice-letter\" data-choice-letter=\"A\">\n\t\t\t\t\t\t\t\t\t\t\t\t\tA.\n\t\t\t\t\t\t\t\t\t\t\t\t</span>\n\t\t\t\t\t\t\t\t\t\t\t\n\t\t\t\t\t\t\t\t\t\t\tAll data for the result is read from the indexex.",
      "<span class=\"multi-choice-letter\" data-choice-letter=\"B\">\n\t\t\t\t\t\t\t\t\t\t\t\t\tB.\n\t\t\t\t\t\t\t\t\t\t\t\t</span>\n\t\t\t\t\t\t\t\t\t\t\t\n\t\t\t\t\t\t\t\t\t\t\tThe PRIMARY KEY is used for filtering in both tables.",
      "<span class=\"multi-choice-letter\" data-choice-letter=\"C\">\n\t\t\t\t\t\t\t\t\t\t\t\t\tC.\n\t\t\t\t\t\t\t\t\t\t\t\t</span>\n\t\t\t\t\t\t\t\t\t\t\t\n\t\t\t\t\t\t\t\t\t\t\tThe minimal number of rows possible are read.",
      "<span class=\"multi-choice-letter\" data-choice-letter=\"D\">\n\t\t\t\t\t\t\t\t\t\t\t\t\tD.\n\t\t\t\t\t\t\t\t\t\t\t\t</span>\n\t\t\t\t\t\t\t\t\t\t\t\n\t\t\t\t\t\t\t\t\t\t\tThe dept_manager table has 4 times as many rows than the employees table."
    ],
    "answer": "C",
    "answerDescription": "",
    "votes": [],
    "comments": [
      {
        "date": "2020-09-13T04:26:00.000Z",
        "voteCount": 1,
        "content": "I think it is B and C"
      }
    ],
    "examNameCode": "1z0-882",
    "topicNumber": "1"
  },
  {
    "topic": 1,
    "index": 16,
    "url": "https://www.examtopics.com/discussions/oracle/view/332-exam-1z0-882-topic-1-question-45-discussion/",
    "body": "Given the data from table t1:<br><img src=\"/assets/media/exam-media/02338/0003200001.jpg\" class=\"in-exam-image\"><br>This DELETE command is executed:<br>DELETE FROM t1 ORDER BY b.a DESC LIMIT 2;<br>Which set of rows will be deleted by the command?<br>",
    "options": [
      "<span class=\"multi-choice-letter\" data-choice-letter=\"A\">\n\t\t\t\t\t\t\t\t\t\t\t\t\tA.\n\t\t\t\t\t\t\t\t\t\t\t\t</span>\n\t\t\t\t\t\t\t\t\t\t\t\n\t\t\t\t\t\t\t\t\t\t\t(7,1) and (1,4)",
      "<span class=\"multi-choice-letter\" data-choice-letter=\"B\">\n\t\t\t\t\t\t\t\t\t\t\t\t\tB.\n\t\t\t\t\t\t\t\t\t\t\t\t</span>\n\t\t\t\t\t\t\t\t\t\t\t\n\t\t\t\t\t\t\t\t\t\t\t(2,8) and (1,4)",
      "<span class=\"multi-choice-letter\" data-choice-letter=\"C\">\n\t\t\t\t\t\t\t\t\t\t\t\t\tC.\n\t\t\t\t\t\t\t\t\t\t\t\t</span>\n\t\t\t\t\t\t\t\t\t\t\t\n\t\t\t\t\t\t\t\t\t\t\t(7,1) and (10,8)",
      "<span class=\"multi-choice-letter\" data-choice-letter=\"D\">\n\t\t\t\t\t\t\t\t\t\t\t\t\tD.\n\t\t\t\t\t\t\t\t\t\t\t\t</span>\n\t\t\t\t\t\t\t\t\t\t\t\n\t\t\t\t\t\t\t\t\t\t\t(2,8) and (10,8)"
    ],
    "answer": "A",
    "answerDescription": "",
    "votes": [],
    "comments": [
      {
        "date": "2020-09-24T08:51:00.000Z",
        "voteCount": 1,
        "content": "Answer D is correct."
      },
      {
        "date": "2019-02-15T18:45:00.000Z",
        "voteCount": 1,
        "content": "I re-read the question and concludes that it was really A. Sorry I got confused."
      },
      {
        "date": "2019-02-14T02:05:00.000Z",
        "voteCount": 1,
        "content": "I tested this one out and the answer is D."
      }
    ],
    "examNameCode": "1z0-882",
    "topicNumber": "1"
  },
  {
    "topic": 1,
    "index": 17,
    "url": "https://www.examtopics.com/discussions/oracle/view/333-exam-1z0-882-topic-1-question-46-discussion/",
    "body": "Consider the my_table table with two integer columns, a and b, and the contents as shown;<br>Mysql &gt; SELECT a, b FROM my_table;<br><img src=\"/assets/media/exam-media/02338/0003200002.jpg\" class=\"in-exam-image\"><br>1 row in set result of this query?<br><br>SELECT ab -<br>FROM my_table;<br>",
    "options": [
      "<span class=\"multi-choice-letter\" data-choice-letter=\"A\">\n\t\t\t\t\t\t\t\t\t\t\t\t\tA.\n\t\t\t\t\t\t\t\t\t\t\t\t</span>\n\t\t\t\t\t\t\t\t\t\t\t\n\t\t\t\t\t\t\t\t\t\t\t0",
      "<span class=\"multi-choice-letter\" data-choice-letter=\"B\">\n\t\t\t\t\t\t\t\t\t\t\t\t\tB.\n\t\t\t\t\t\t\t\t\t\t\t\t</span>\n\t\t\t\t\t\t\t\t\t\t\t\n\t\t\t\t\t\t\t\t\t\t\t2",
      "<span class=\"multi-choice-letter\" data-choice-letter=\"C\">\n\t\t\t\t\t\t\t\t\t\t\t\t\tC.\n\t\t\t\t\t\t\t\t\t\t\t\t</span>\n\t\t\t\t\t\t\t\t\t\t\t\n\t\t\t\t\t\t\t\t\t\t\t4",
      "<span class=\"multi-choice-letter\" data-choice-letter=\"D\">\n\t\t\t\t\t\t\t\t\t\t\t\t\tD.\n\t\t\t\t\t\t\t\t\t\t\t\t</span>\n\t\t\t\t\t\t\t\t\t\t\t\n\t\t\t\t\t\t\t\t\t\t\tAn error message"
    ],
    "answer": "A",
    "answerDescription": "",
    "votes": [],
    "comments": [
      {
        "date": "2022-05-30T15:31:00.000Z",
        "voteCount": 1,
        "content": "Vote for D"
      },
      {
        "date": "2019-02-14T02:12:00.000Z",
        "voteCount": 3,
        "content": "I tested this one out and the answer is D."
      }
    ],
    "examNameCode": "1z0-882",
    "topicNumber": "1"
  },
  {
    "topic": 1,
    "index": 18,
    "url": "https://www.examtopics.com/discussions/oracle/view/334-exam-1z0-882-topic-1-question-47-discussion/",
    "body": "Examine the fruit and wine tables:<br><br>Fruit -<br><img src=\"/assets/media/exam-media/02338/0003300001.jpg\" class=\"in-exam-image\"><br>You execute this query:<br>SELECT fruited, fruitname FROM fruit<br><br>UNION -<br>SELECT id, name, country FROM wine;<br>What is the result?<br>",
    "options": [
      "<span class=\"multi-choice-letter\" data-choice-letter=\"A\">\n\t\t\t\t\t\t\t\t\t\t\t\t\tA.\n\t\t\t\t\t\t\t\t\t\t\t\t</span>\n\t\t\t\t\t\t\t\t\t\t\t\n\t\t\t\t\t\t\t\t\t\t\tThe query succeeds and returns five columns of data.",
      "<span class=\"multi-choice-letter\" data-choice-letter=\"B\">\n\t\t\t\t\t\t\t\t\t\t\t\t\tB.\n\t\t\t\t\t\t\t\t\t\t\t\t</span>\n\t\t\t\t\t\t\t\t\t\t\t\n\t\t\t\t\t\t\t\t\t\t\tThe query succeeds and returns two columns of data.",
      "<span class=\"multi-choice-letter\" data-choice-letter=\"C\">\n\t\t\t\t\t\t\t\t\t\t\t\t\tC.\n\t\t\t\t\t\t\t\t\t\t\t\t</span>\n\t\t\t\t\t\t\t\t\t\t\t\n\t\t\t\t\t\t\t\t\t\t\tThe query falls because UNION does not work on tables with different number of columns.",
      "<span class=\"multi-choice-letter\" data-choice-letter=\"D\">\n\t\t\t\t\t\t\t\t\t\t\t\t\tD.\n\t\t\t\t\t\t\t\t\t\t\t\t</span>\n\t\t\t\t\t\t\t\t\t\t\t\n\t\t\t\t\t\t\t\t\t\t\tThe query falls because the number of columns in the SELECT in the SELECT clauses are not equal."
    ],
    "answer": "C",
    "answerDescription": "",
    "votes": [],
    "comments": [
      {
        "date": "2019-02-14T02:22:00.000Z",
        "voteCount": 2,
        "content": "I tested this one out and the correct answer is D."
      }
    ],
    "examNameCode": "1z0-882",
    "topicNumber": "1"
  },
  {
    "topic": 1,
    "index": 19,
    "url": "https://www.examtopics.com/discussions/oracle/view/26696-exam-1z0-882-topic-1-question-49-discussion/",
    "body": "Consider the statements:<br>Mysql&gt; drop function foo;<br>ERROR 1305 (420000): FUNCTION test, foo does not exist<br>Mysql &gt; show warnings;<br><img src=\"/assets/media/exam-media/02338/0003400001.jpg\" class=\"in-exam-image\"><br>Mysql&gt; get diagnostics condition 2 @msg=MESSAGE_TEXT;<br>What is the result of the final statement?<br>",
    "options": [
      "<span class=\"multi-choice-letter\" data-choice-letter=\"A\">\n\t\t\t\t\t\t\t\t\t\t\t\t\tA.\n\t\t\t\t\t\t\t\t\t\t\t\t</span>\n\t\t\t\t\t\t\t\t\t\t\t\n\t\t\t\t\t\t\t\t\t\t\tAn empty result is returned.@msg is set to message of the warning.",
      "<span class=\"multi-choice-letter\" data-choice-letter=\"B\">\n\t\t\t\t\t\t\t\t\t\t\t\t\tB.\n\t\t\t\t\t\t\t\t\t\t\t\t</span>\n\t\t\t\t\t\t\t\t\t\t\t\n\t\t\t\t\t\t\t\t\t\t\tA warning message is generated that adds error 1758 (invalid condition number) to the diagnostics area.",
      "<span class=\"multi-choice-letter\" data-choice-letter=\"C\">\n\t\t\t\t\t\t\t\t\t\t\t\t\tC.\n\t\t\t\t\t\t\t\t\t\t\t\t</span>\n\t\t\t\t\t\t\t\t\t\t\t\n\t\t\t\t\t\t\t\t\t\t\tA line will be an output to the error log that contains the warning message details from the failed command.",
      "<span class=\"multi-choice-letter\" data-choice-letter=\"D\">\n\t\t\t\t\t\t\t\t\t\t\t\t\tD.\n\t\t\t\t\t\t\t\t\t\t\t\t</span>\n\t\t\t\t\t\t\t\t\t\t\t\n\t\t\t\t\t\t\t\t\t\t\tAn error is generated as only one condition can exist in the diagnostics area."
    ],
    "answer": "C",
    "answerDescription": "",
    "votes": [],
    "comments": [
      {
        "date": "2020-07-26T08:57:00.000Z",
        "voteCount": 1,
        "content": "B is correct"
      }
    ],
    "examNameCode": "1z0-882",
    "topicNumber": "1"
  },
  {
    "topic": 1,
    "index": 20,
    "url": "https://www.examtopics.com/discussions/oracle/view/55125-exam-1z0-882-topic-1-question-51-discussion/",
    "body": "Consider the structures of the country and countrylanguage tables. mysql &gt;DESCRIBE country;<br><img src=\"/assets/media/exam-media/02338/0003600001.jpg\" class=\"in-exam-image\"> mysql&gt; DESCRIBE countrylanguage;<br><img src=\"/assets/media/exam-media/02338/0003600002.jpg\" class=\"in-exam-image\"><br>Which query will give you the list of all European countries where German is spoken?<br>",
    "options": [
      "<span class=\"multi-choice-letter\" data-choice-letter=\"A\">\n\t\t\t\t\t\t\t\t\t\t\t\t\tA.\n\t\t\t\t\t\t\t\t\t\t\t\t</span>\n\t\t\t\t\t\t\t\t\t\t\t\n\t\t\t\t\t\t\t\t\t\t\tSELECT Code AS c, Name FROM Country WHERE Continent = Europe AND EXISTS ( SELECT * FROM CountryLanguage WHERE CountryCode = Code And Language= German )",
      "<span class=\"multi-choice-letter\" data-choice-letter=\"B\">\n\t\t\t\t\t\t\t\t\t\t\t\t\tB.\n\t\t\t\t\t\t\t\t\t\t\t\t</span>\n\t\t\t\t\t\t\t\t\t\t\t\n\t\t\t\t\t\t\t\t\t\t\tSELECT Code AS  c, Name FROM  Country WHERE Continent = Europe AND Name IN ( SELECT * FROM  CountryLanguage WHERE CountryCode = Code AND Language =German )",
      "<span class=\"multi-choice-letter\" data-choice-letter=\"C\">\n\t\t\t\t\t\t\t\t\t\t\t\t\tC.\n\t\t\t\t\t\t\t\t\t\t\t\t</span>\n\t\t\t\t\t\t\t\t\t\t\t\n\t\t\t\t\t\t\t\t\t\t\tSELECT Code AS  c, Name FROM Country WHERE Continent =  Europe AND EXIST ANY ( SELECT Language, CountryCode FROM CountryLanguage WHERE CountryCode =Code AND Language = German )",
      "<span class=\"multi-choice-letter\" data-choice-letter=\"D\">\n\t\t\t\t\t\t\t\t\t\t\t\t\tD.\n\t\t\t\t\t\t\t\t\t\t\t\t</span>\n\t\t\t\t\t\t\t\t\t\t\t\n\t\t\t\t\t\t\t\t\t\t\tSELECT Code AS  c,  Name FROM Country WHERE Continent = Europe AND ( SELECT * FROM CountryLanguage WHERE CountryCode =Code AND Language =German"
    ],
    "answer": "A",
    "answerDescription": "",
    "votes": [],
    "comments": [
      {
        "date": "2021-06-11T20:26:00.000Z",
        "voteCount": 1,
        "content": "Whe have a subquery present here...WHERE clause is absolutely perfect."
      }
    ],
    "examNameCode": "1z0-882",
    "topicNumber": "1"
  },
  {
    "topic": 1,
    "index": 21,
    "url": "https://www.examtopics.com/discussions/oracle/view/12191-exam-1z0-882-topic-1-question-52-discussion/",
    "body": "Given the table City:<br><br>SELECT Name -<br><br>FROM City -<br>WHERE CountryCode = \u2018USA\" OR WHERE CountryCode= \u2018JPN\u2019<br>What does this statement procedure?<br>",
    "options": [
      "<span class=\"multi-choice-letter\" data-choice-letter=\"A\">\n\t\t\t\t\t\t\t\t\t\t\t\t\tA.\n\t\t\t\t\t\t\t\t\t\t\t\t</span>\n\t\t\t\t\t\t\t\t\t\t\t\n\t\t\t\t\t\t\t\t\t\t\tA single result set with one column that contains the names of cities from country codes USA and JPN.",
      "<span class=\"multi-choice-letter\" data-choice-letter=\"B\">\n\t\t\t\t\t\t\t\t\t\t\t\t\tB.\n\t\t\t\t\t\t\t\t\t\t\t\t</span>\n\t\t\t\t\t\t\t\t\t\t\t\n\t\t\t\t\t\t\t\t\t\t\tTwo result sets each containing a single column with the names of cities from country codes USA and JPN.",
      "<span class=\"multi-choice-letter\" data-choice-letter=\"C\">\n\t\t\t\t\t\t\t\t\t\t\t\t\tC.\n\t\t\t\t\t\t\t\t\t\t\t\t</span>\n\t\t\t\t\t\t\t\t\t\t\t\n\t\t\t\t\t\t\t\t\t\t\tA single result set with two columns containing the names from country codes USA and JPN.",
      "<span class=\"multi-choice-letter\" data-choice-letter=\"D\">\n\t\t\t\t\t\t\t\t\t\t\t\t\tD.\n\t\t\t\t\t\t\t\t\t\t\t\t</span>\n\t\t\t\t\t\t\t\t\t\t\t\n\t\t\t\t\t\t\t\t\t\t\tNo result set is returned and an error message is given."
    ],
    "answer": "A",
    "answerDescription": "",
    "votes": [],
    "comments": [
      {
        "date": "2022-05-14T07:31:00.000Z",
        "voteCount": 1,
        "content": "The D is correct for my"
      },
      {
        "date": "2021-06-11T20:30:00.000Z",
        "voteCount": 1,
        "content": "We should be selecting everything from city table not just name.Name and countrycode should be selected orelse you get an error message.Answer D"
      },
      {
        "date": "2021-06-11T20:27:00.000Z",
        "voteCount": 1,
        "content": "Sorry!!!comments was for Q51"
      },
      {
        "date": "2021-06-11T20:24:00.000Z",
        "voteCount": 1,
        "content": "Whe have a subquery present here...WHERE clause is absolutely perfect."
      },
      {
        "date": "2020-09-13T04:34:00.000Z",
        "voteCount": 2,
        "content": "Answer D is correct"
      },
      {
        "date": "2020-03-06T12:28:00.000Z",
        "voteCount": 2,
        "content": "I think 'WHERE' can't be used twice like this. \nSELECT Name FROM world.City\n WHERE CountryCode = 'USA' OR WHERE CountryCode = 'JPN'\tError Code: 1064. You have an error in your SQL syntax; check the manual that corresponds to your MySQL server version for the right syntax to use near 'WHERE CountryCode = 'JPN'' at line 2\t0.000 sec"
      },
      {
        "date": "2020-01-16T18:10:00.000Z",
        "voteCount": 3,
        "content": "I think the answer is D because 'where' appear twice in the where condition clause."
      }
    ],
    "examNameCode": "1z0-882",
    "topicNumber": "1"
  },
  {
    "topic": 1,
    "index": 22,
    "url": "https://www.examtopics.com/discussions/oracle/view/12194-exam-1z0-882-topic-1-question-53-discussion/",
    "body": "An application tracks usage of educational courses in a company. Many people can take one course. Each person can take multiple courses. The data has been stored in one table but it is growing too large. You decide to normalize the table.<br>What would a normalized data model contain?<br>",
    "options": [
      "<span class=\"multi-choice-letter\" data-choice-letter=\"A\">\n\t\t\t\t\t\t\t\t\t\t\t\t\tA.\n\t\t\t\t\t\t\t\t\t\t\t\t</span>\n\t\t\t\t\t\t\t\t\t\t\t\n\t\t\t\t\t\t\t\t\t\t\tTwo tables: employee and course, with foreign keys on employee ID and course ID.",
      "<span class=\"multi-choice-letter\" data-choice-letter=\"B\">\n\t\t\t\t\t\t\t\t\t\t\t\t\tB.\n\t\t\t\t\t\t\t\t\t\t\t\t</span>\n\t\t\t\t\t\t\t\t\t\t\t\n\t\t\t\t\t\t\t\t\t\t\tThree tables: employee, course, and a table cross-referencing employee IDs and course IDs",
      "<span class=\"multi-choice-letter\" data-choice-letter=\"C\">\n\t\t\t\t\t\t\t\t\t\t\t\t\tC.\n\t\t\t\t\t\t\t\t\t\t\t\t</span>\n\t\t\t\t\t\t\t\t\t\t\t\n\t\t\t\t\t\t\t\t\t\t\tTwo tables: an employee table with multiple course IDs , and a course table",
      "<span class=\"multi-choice-letter\" data-choice-letter=\"D\">\n\t\t\t\t\t\t\t\t\t\t\t\t\tD.\n\t\t\t\t\t\t\t\t\t\t\t\t</span>\n\t\t\t\t\t\t\t\t\t\t\t\n\t\t\t\t\t\t\t\t\t\t\tFour tables: employee, course, courses by employee, and employees by course"
    ],
    "answer": "A",
    "answerDescription": "Reference:<br>http://stackoverflow.com/questions/1258743/normalization-in-mysql",
    "votes": [],
    "comments": [
      {
        "date": "2021-06-11T20:38:00.000Z",
        "voteCount": 1,
        "content": "Answer is A.Normalize with two tables and add a FK"
      },
      {
        "date": "2020-01-16T18:18:00.000Z",
        "voteCount": 2,
        "content": "not B?"
      }
    ],
    "examNameCode": "1z0-882",
    "topicNumber": "1"
  },
  {
    "topic": 1,
    "index": 23,
    "url": "https://www.examtopics.com/discussions/oracle/view/55126-exam-1z0-882-topic-1-question-54-discussion/",
    "body": "Examine the structure and content of the MemberLocation table:<br><img src=\"/assets/media/exam-media/02338/0003800001.jpg\" class=\"in-exam-image\"><br>You want to have the field location returned in all letters (example: BERLIN).<br>Which query would you use?<br>",
    "options": [
      "<span class=\"multi-choice-letter\" data-choice-letter=\"A\">\n\t\t\t\t\t\t\t\t\t\t\t\t\tA.\n\t\t\t\t\t\t\t\t\t\t\t\t</span>\n\t\t\t\t\t\t\t\t\t\t\t\n\t\t\t\t\t\t\t\t\t\t\tSELECT UPPER (Location) as location FROM MemberLocation",
      "<span class=\"multi-choice-letter\" data-choice-letter=\"B\">\n\t\t\t\t\t\t\t\t\t\t\t\t\tB.\n\t\t\t\t\t\t\t\t\t\t\t\t</span>\n\t\t\t\t\t\t\t\t\t\t\t\n\t\t\t\t\t\t\t\t\t\t\tSELECT UPPER (BINARY location) as location FROM MemberLocation",
      "<span class=\"multi-choice-letter\" data-choice-letter=\"C\">\n\t\t\t\t\t\t\t\t\t\t\t\t\tC.\n\t\t\t\t\t\t\t\t\t\t\t\t</span>\n\t\t\t\t\t\t\t\t\t\t\t\n\t\t\t\t\t\t\t\t\t\t\tSELECT UPPER (location AS UPPER ) as location FROM Memberlocation",
      "<span class=\"multi-choice-letter\" data-choice-letter=\"D\">\n\t\t\t\t\t\t\t\t\t\t\t\t\tD.\n\t\t\t\t\t\t\t\t\t\t\t\t</span>\n\t\t\t\t\t\t\t\t\t\t\t\n\t\t\t\t\t\t\t\t\t\t\tSELECT CONVERT (Location AS UPPER ) as location FROM memberlocation"
    ],
    "answer": "A",
    "answerDescription": "https://dev.mysql.com/doc/refman/5.0/en/string-functions.html#function_upper",
    "votes": [],
    "comments": [
      {
        "date": "2021-06-11T20:41:00.000Z",
        "voteCount": 1,
        "content": "Answer is A.The default is utf8mb4. Mysql&gt;select Upper(' ');"
      }
    ],
    "examNameCode": "1z0-882",
    "topicNumber": "1"
  },
  {
    "topic": 1,
    "index": 24,
    "url": "https://www.examtopics.com/discussions/oracle/view/15730-exam-1z0-882-topic-1-question-55-discussion/",
    "body": "What is true about the contents of the INFORMATION_SCHEMATA table?<br>",
    "options": [
      "<span class=\"multi-choice-letter\" data-choice-letter=\"A\">\n\t\t\t\t\t\t\t\t\t\t\t\t\tA.\n\t\t\t\t\t\t\t\t\t\t\t\t</span>\n\t\t\t\t\t\t\t\t\t\t\t\n\t\t\t\t\t\t\t\t\t\t\tIt contains information about the table structure for all databases.",
      "<span class=\"multi-choice-letter\" data-choice-letter=\"B\">\n\t\t\t\t\t\t\t\t\t\t\t\t\tB.\n\t\t\t\t\t\t\t\t\t\t\t\t</span>\n\t\t\t\t\t\t\t\t\t\t\t\n\t\t\t\t\t\t\t\t\t\t\tIt contains information about all the tables, triggers, and views for all databases.",
      "<span class=\"multi-choice-letter\" data-choice-letter=\"C\">\n\t\t\t\t\t\t\t\t\t\t\t\t\tC.\n\t\t\t\t\t\t\t\t\t\t\t\t</span>\n\t\t\t\t\t\t\t\t\t\t\t\n\t\t\t\t\t\t\t\t\t\t\tIt contains information such as name, character set, and collation for all the databases on the server.",
      "<span class=\"multi-choice-letter\" data-choice-letter=\"D\">\n\t\t\t\t\t\t\t\t\t\t\t\t\tD.\n\t\t\t\t\t\t\t\t\t\t\t\t</span>\n\t\t\t\t\t\t\t\t\t\t\t\n\t\t\t\t\t\t\t\t\t\t\tIt contains information including tables, trigger, stored routines, and views for all databases"
    ],
    "answer": "C",
    "answerDescription": "Reference:<br>http://www.mssqltips.com/sqlservertutorial/196/informationschematables/<br>(overview)",
    "votes": [],
    "comments": [
      {
        "date": "2020-03-06T16:42:00.000Z",
        "voteCount": 2,
        "content": "Google has no information about table called INFORMATION_SCHEMATA!\nShowing results for INFORMATION_SCHEMA table\nSearch instead for INFORMATION_SCHEMATA table\n\nSearch Results\nWeb results\n\nINFORMATION_SCHEMA Tables - MySQL :: Developer Zonedev.mysql.com \u203a doc \u203a refman \u203a tables-table\n25.36 The INFORMATION_SCHEMA TABLES Table. The TABLES table provides information about tables in databases. Columns in TABLES that represent table ...\n!!!?!!!\nINFORMATION_SCHEMA.TABLES - MS SQL Tipswww.mssqltips.com \u203a sqlservertutorial \u203a informationschematables\nBy: Greg Robidoux. Overview The INFORMATION_SCHEMA.TABLES view allows you to get information about all tables and views within a database. By default ..."
      }
    ],
    "examNameCode": "1z0-882",
    "topicNumber": "1"
  },
  {
    "topic": 1,
    "index": 25,
    "url": "https://www.examtopics.com/discussions/oracle/view/75620-exam-1z0-882-topic-1-question-57-discussion/",
    "body": "Consider the statement:<br>CREATE TABLE t1 (a INT) PARTITION BY KEY<br>/*150611  ALGORITHM = 1*/<br>What does this statement do?<br>",
    "options": [
      "<span class=\"multi-choice-letter\" data-choice-letter=\"A\">\n\t\t\t\t\t\t\t\t\t\t\t\t\tA.\n\t\t\t\t\t\t\t\t\t\t\t\t</span>\n\t\t\t\t\t\t\t\t\t\t\t\n\t\t\t\t\t\t\t\t\t\t\tCreate the t1 table partitioned by KEY with the default algorithm in all versions.",
      "<span class=\"multi-choice-letter\" data-choice-letter=\"B\">\n\t\t\t\t\t\t\t\t\t\t\t\t\tB.\n\t\t\t\t\t\t\t\t\t\t\t\t</span>\n\t\t\t\t\t\t\t\t\t\t\t\n\t\t\t\t\t\t\t\t\t\t\tCreate the t1 table partitioned by KEY using algorithm 1 only in MYSQL version 5.6.11 and the default algorithm in other versions.",
      "<span class=\"multi-choice-letter\" data-choice-letter=\"C\">\n\t\t\t\t\t\t\t\t\t\t\t\t\tC.\n\t\t\t\t\t\t\t\t\t\t\t\t</span>\n\t\t\t\t\t\t\t\t\t\t\t\n\t\t\t\t\t\t\t\t\t\t\tCreate the t1 table partitioned by KEY using algorithm 1 only in MYSQL versions 5.6.11 or newer and the default algorithm in older versions.",
      "<span class=\"multi-choice-letter\" data-choice-letter=\"D\">\n\t\t\t\t\t\t\t\t\t\t\t\t\tD.\n\t\t\t\t\t\t\t\t\t\t\t\t</span>\n\t\t\t\t\t\t\t\t\t\t\t\n\t\t\t\t\t\t\t\t\t\t\tCreate the t1 table partitioned by KEY using algorithm 1 only if the preceding statement returned error condition 50611."
    ],
    "answer": "C",
    "answerDescription": "",
    "votes": [],
    "comments": [
      {
        "date": "2022-05-14T08:06:00.000Z",
        "voteCount": 1,
        "content": "13:06:18\tCREATE TABLE t1 (a INT) PARTITION BY KEY /*150611 ALGORITHM = 1*/\tError Code: 1064. You have an error in your SQL syntax; check the manual that corresponds to your MySQL server version for the right syntax to use near '' at line 2\t0.000 sec"
      }
    ],
    "examNameCode": "1z0-882",
    "topicNumber": "1"
  },
  {
    "topic": 1,
    "index": 26,
    "url": "https://www.examtopics.com/discussions/oracle/view/31268-exam-1z0-882-topic-1-question-61-discussion/",
    "body": "You want to load data directly from a file into MYSQL by using the SOURCE command.<br>Which types of data can the file contains to perform this?<br>",
    "options": [
      "<span class=\"multi-choice-letter\" data-choice-letter=\"A\">\n\t\t\t\t\t\t\t\t\t\t\t\t\tA.\n\t\t\t\t\t\t\t\t\t\t\t\t</span>\n\t\t\t\t\t\t\t\t\t\t\t\n\t\t\t\t\t\t\t\t\t\t\tSQL commands",
      "<span class=\"multi-choice-letter\" data-choice-letter=\"B\">\n\t\t\t\t\t\t\t\t\t\t\t\t\tB.\n\t\t\t\t\t\t\t\t\t\t\t\t</span>\n\t\t\t\t\t\t\t\t\t\t\t\n\t\t\t\t\t\t\t\t\t\t\tComma-delimited data",
      "<span class=\"multi-choice-letter\" data-choice-letter=\"C\">\n\t\t\t\t\t\t\t\t\t\t\t\t\tC.\n\t\t\t\t\t\t\t\t\t\t\t\t</span>\n\t\t\t\t\t\t\t\t\t\t\t\n\t\t\t\t\t\t\t\t\t\t\tTab-delimited data",
      "<span class=\"multi-choice-letter\" data-choice-letter=\"D\">\n\t\t\t\t\t\t\t\t\t\t\t\t\tD.\n\t\t\t\t\t\t\t\t\t\t\t\t</span>\n\t\t\t\t\t\t\t\t\t\t\t\n\t\t\t\t\t\t\t\t\t\t\tMyISAM or InnoDB data files"
    ],
    "answer": "B",
    "answerDescription": "",
    "votes": [],
    "comments": [
      {
        "date": "2020-09-14T08:44:00.000Z",
        "voteCount": 3,
        "content": "I think its A... https://dev.mysql.com/doc/refman/8.0/en/mysql-batch-commands.html"
      }
    ],
    "examNameCode": "1z0-882",
    "topicNumber": "1"
  },
  {
    "topic": 1,
    "index": 27,
    "url": "https://www.examtopics.com/discussions/oracle/view/26702-exam-1z0-882-topic-1-question-62-discussion/",
    "body": "Which two statements provide the definition for a view named view1 in the test database?<br>",
    "options": [
      "<span class=\"multi-choice-letter\" data-choice-letter=\"A\">\n\t\t\t\t\t\t\t\t\t\t\t\t\tA.\n\t\t\t\t\t\t\t\t\t\t\t\t</span>\n\t\t\t\t\t\t\t\t\t\t\t\n\t\t\t\t\t\t\t\t\t\t\tSHOW CREATE VIEW view1 FROM test",
      "<span class=\"multi-choice-letter\" data-choice-letter=\"B\">\n\t\t\t\t\t\t\t\t\t\t\t\t\tB.\n\t\t\t\t\t\t\t\t\t\t\t\t</span>\n\t\t\t\t\t\t\t\t\t\t\t\n\t\t\t\t\t\t\t\t\t\t\tSHOW CREATE VIEW test-view1",
      "<span class=\"multi-choice-letter\" data-choice-letter=\"C\">\n\t\t\t\t\t\t\t\t\t\t\t\t\tC.\n\t\t\t\t\t\t\t\t\t\t\t\t</span>\n\t\t\t\t\t\t\t\t\t\t\t\n\t\t\t\t\t\t\t\t\t\t\tSELECT VIEW_DEFINITION_SCHEMA.VIEWS FROM  INFORMATION _SCHEMA.VIEWS WHERE TABLE_NAME=\"view1\" AND TABLE_SCHEMA = \"test\"",
      "<span class=\"multi-choice-letter\" data-choice-letter=\"D\">\n\t\t\t\t\t\t\t\t\t\t\t\t\tD.\n\t\t\t\t\t\t\t\t\t\t\t\t</span>\n\t\t\t\t\t\t\t\t\t\t\t\n\t\t\t\t\t\t\t\t\t\t\tSELECT  DEFINITION FROM INFORMATION_SCHEMA.VIEWS WHERE NAME = \"test\"",
      "<span class=\"multi-choice-letter\" data-choice-letter=\"E\">\n\t\t\t\t\t\t\t\t\t\t\t\t\tE.\n\t\t\t\t\t\t\t\t\t\t\t\t</span>\n\t\t\t\t\t\t\t\t\t\t\t\n\t\t\t\t\t\t\t\t\t\t\tSHOW DEFINITION FOR test.view"
    ],
    "answer": "AC",
    "answerDescription": "",
    "votes": [],
    "comments": [
      {
        "date": "2020-07-26T10:33:00.000Z",
        "voteCount": 1,
        "content": "B und C"
      }
    ],
    "examNameCode": "1z0-882",
    "topicNumber": "1"
  },
  {
    "topic": 1,
    "index": 28,
    "url": "https://www.examtopics.com/discussions/oracle/view/75622-exam-1z0-882-topic-1-question-64-discussion/",
    "body": "You have a database dev that contains 15 tables, all of which use the CHARACTER SET utfs and the COLLATION utfs_general_ci.<br>You perform the command:<br>ALTER DATABASE dev CHARACTER SET =latin COLLATION=latin1_swedish_ci<br>What is the result?<br>",
    "options": [
      "<span class=\"multi-choice-letter\" data-choice-letter=\"A\">\n\t\t\t\t\t\t\t\t\t\t\t\t\tA.\n\t\t\t\t\t\t\t\t\t\t\t\t</span>\n\t\t\t\t\t\t\t\t\t\t\t\n\t\t\t\t\t\t\t\t\t\t\tYou get an error because database are not allowed to have CHARACTER SET or COLLATION attributes.",
      "<span class=\"multi-choice-letter\" data-choice-letter=\"B\">\n\t\t\t\t\t\t\t\t\t\t\t\t\tB.\n\t\t\t\t\t\t\t\t\t\t\t\t</span>\n\t\t\t\t\t\t\t\t\t\t\t\n\t\t\t\t\t\t\t\t\t\t\tYou get an error because the settings for CHARACTER SET and COLLATION attributes do not match the settings for the tables inside the database.",
      "<span class=\"multi-choice-letter\" data-choice-letter=\"C\">\n\t\t\t\t\t\t\t\t\t\t\t\t\tC.\n\t\t\t\t\t\t\t\t\t\t\t\t</span>\n\t\t\t\t\t\t\t\t\t\t\t\n\t\t\t\t\t\t\t\t\t\t\tYou get an error while trying to change from a more inclusive CHARACTER SET like \u2018utfs to a less\u2019 inclusive CHARACTER SET like \u2018latin\u2019.",
      "<span class=\"multi-choice-letter\" data-choice-letter=\"D\">\n\t\t\t\t\t\t\t\t\t\t\t\t\tD.\n\t\t\t\t\t\t\t\t\t\t\t\t</span>\n\t\t\t\t\t\t\t\t\t\t\t\n\t\t\t\t\t\t\t\t\t\t\tYou get an error because changes to the CHARACTER SET or COLLATION attribute can happen only for empty databases.",
      "<span class=\"multi-choice-letter\" data-choice-letter=\"E\">\n\t\t\t\t\t\t\t\t\t\t\t\t\tE.\n\t\t\t\t\t\t\t\t\t\t\t\t</span>\n\t\t\t\t\t\t\t\t\t\t\t\n\t\t\t\t\t\t\t\t\t\t\tThe statement succeeds and new tables created in this database use the new settings as their default values.",
      "<span class=\"multi-choice-letter\" data-choice-letter=\"F\">\n\t\t\t\t\t\t\t\t\t\t\t\t\tF.\n\t\t\t\t\t\t\t\t\t\t\t\t</span>\n\t\t\t\t\t\t\t\t\t\t\t\n\t\t\t\t\t\t\t\t\t\t\tThe statement succeeds and all of the tables inside the database are converted to user the new settings."
    ],
    "answer": "E",
    "answerDescription": "",
    "votes": [],
    "comments": [
      {
        "date": "2022-05-14T08:29:00.000Z",
        "voteCount": 1,
        "content": "Error Code: 1115. Unknown character set: 'latin'\t0.000 sec"
      }
    ],
    "examNameCode": "1z0-882",
    "topicNumber": "1"
  },
  {
    "topic": 1,
    "index": 29,
    "url": "https://www.examtopics.com/discussions/oracle/view/342-exam-1z0-882-topic-1-question-66-discussion/",
    "body": "Assume that none of the databases exist.<br>Which statement results in an error?<br>",
    "options": [
      "<span class=\"multi-choice-letter\" data-choice-letter=\"A\">\n\t\t\t\t\t\t\t\t\t\t\t\t\tA.\n\t\t\t\t\t\t\t\t\t\t\t\t</span>\n\t\t\t\t\t\t\t\t\t\t\t\n\t\t\t\t\t\t\t\t\t\t\tCREATE DATABASE $test",
      "<span class=\"multi-choice-letter\" data-choice-letter=\"B\">\n\t\t\t\t\t\t\t\t\t\t\t\t\tB.\n\t\t\t\t\t\t\t\t\t\t\t\t</span>\n\t\t\t\t\t\t\t\t\t\t\t\n\t\t\t\t\t\t\t\t\t\t\tCREATE DATABASE 1$",
      "<span class=\"multi-choice-letter\" data-choice-letter=\"C\">\n\t\t\t\t\t\t\t\t\t\t\t\t\tC.\n\t\t\t\t\t\t\t\t\t\t\t\t</span>\n\t\t\t\t\t\t\t\t\t\t\t\n\t\t\t\t\t\t\t\t\t\t\tCREATE DATABASE  $",
      "<span class=\"multi-choice-letter\" data-choice-letter=\"D\">\n\t\t\t\t\t\t\t\t\t\t\t\t\tD.\n\t\t\t\t\t\t\t\t\t\t\t\t</span>\n\t\t\t\t\t\t\t\t\t\t\t\n\t\t\t\t\t\t\t\t\t\t\tCREATE DATABASE _",
      "<span class=\"multi-choice-letter\" data-choice-letter=\"E\">\n\t\t\t\t\t\t\t\t\t\t\t\t\tE.\n\t\t\t\t\t\t\t\t\t\t\t\t</span>\n\t\t\t\t\t\t\t\t\t\t\t\n\t\t\t\t\t\t\t\t\t\t\tCREATE DATABASE 12"
    ],
    "answer": "A",
    "answerDescription": "",
    "votes": [],
    "comments": [
      {
        "date": "2022-05-14T08:35:00.000Z",
        "voteCount": 1,
        "content": "CREATE DATABASE 12;\n\n13:34:35\tCREATE DATABASE 12\tError Code: 1064. You have an error in your SQL syntax; check the manual that corresponds to your MySQL server version for the right syntax to use near '12' at line 1\t0.000 sec"
      },
      {
        "date": "2020-09-13T04:39:00.000Z",
        "voteCount": 2,
        "content": "Answer E is correct, you cant create a database with the name 12"
      },
      {
        "date": "2020-04-10T15:09:00.000Z",
        "voteCount": 2,
        "content": "The Answer is D 100%."
      },
      {
        "date": "2019-02-17T03:18:00.000Z",
        "voteCount": 2,
        "content": "I tried executing the following:\nCREATE DATABASE $test;\nCREATE DATABASE 1$;\nCREATE DATABASE $;\nCREATE DATABASE _;\nCREATE DATABASE 12;\n\nOnly the last one failed. So the answert is D."
      }
    ],
    "examNameCode": "1z0-882",
    "topicNumber": "1"
  },
  {
    "topic": 1,
    "index": 30,
    "url": "https://www.examtopics.com/discussions/oracle/view/20383-exam-1z0-882-topic-1-question-67-discussion/",
    "body": "You attempt to create two new tables:<br>CREATE TABLE warehouse (<br>id int (11) NOT NULL AUTO_INCREMENT,<br>name varchar (20) NOT NULL,<br>phone varchar (20)  NOT NULL,<br>PRIMARY  KEY ( id)<br>)   ENGINE=MyISAM<br>CREATE TABLE warehouseitem (<br>warehouse_id bigint (11) NOT NULL,<br>item_id int (11) NOT NULL,<br>count int(11) NOT NULL DEFAULT 0,<br>KEY  \"warehouse_id\u2019 (\u2018warehouse-id) ,<br>FOREIGN KEY (warehouse_id)  REFFERENCES  warehouse (id)<br>)  ENGINE= InnoDB<br>You get this error :<br>ERROR 1215 ( HYooo): cannot add foreign key constraint<br>Which two changes are required to permit these statements to execute without any error?<br>",
    "options": [
      "<span class=\"multi-choice-letter\" data-choice-letter=\"A\">\n\t\t\t\t\t\t\t\t\t\t\t\t\tA.\n\t\t\t\t\t\t\t\t\t\t\t\t</span>\n\t\t\t\t\t\t\t\t\t\t\t\n\t\t\t\t\t\t\t\t\t\t\tThe \u2018warehouseitem\u2019 table must be managed by the MySAm storage engine.",
      "<span class=\"multi-choice-letter\" data-choice-letter=\"B\">\n\t\t\t\t\t\t\t\t\t\t\t\t\tB.\n\t\t\t\t\t\t\t\t\t\t\t\t</span>\n\t\t\t\t\t\t\t\t\t\t\t\n\t\t\t\t\t\t\t\t\t\t\tThe \u2018warehouse-table must be managed by the InnoDB storage engine.",
      "<span class=\"multi-choice-letter\" data-choice-letter=\"C\">\n\t\t\t\t\t\t\t\t\t\t\t\t\tC.\n\t\t\t\t\t\t\t\t\t\t\t\t</span>\n\t\t\t\t\t\t\t\t\t\t\t\n\t\t\t\t\t\t\t\t\t\t\tThe foreign key clause must be reversed: FOREIGN KEY warehouse(1)REFERENCES (warehouse-id).",
      "<span class=\"multi-choice-letter\" data-choice-letter=\"D\">\n\t\t\t\t\t\t\t\t\t\t\t\t\tD.\n\t\t\t\t\t\t\t\t\t\t\t\t</span>\n\t\t\t\t\t\t\t\t\t\t\t\n\t\t\t\t\t\t\t\t\t\t\tThe data types of the \u2018warehouse\u2019.\u2019id\u2019 and \u2018 warehouseitem.warehouse_is columns must match.",
      "<span class=\"multi-choice-letter\" data-choice-letter=\"E\">\n\t\t\t\t\t\t\t\t\t\t\t\t\tE.\n\t\t\t\t\t\t\t\t\t\t\t\t</span>\n\t\t\t\t\t\t\t\t\t\t\t\n\t\t\t\t\t\t\t\t\t\t\tThe warehouse_id\u2019 column must be renamed \u2018id\u2019 to match the definition on the \u2018warehouse\u2019 table.",
      "<span class=\"multi-choice-letter\" data-choice-letter=\"F\">\n\t\t\t\t\t\t\t\t\t\t\t\t\tF.\n\t\t\t\t\t\t\t\t\t\t\t\t</span>\n\t\t\t\t\t\t\t\t\t\t\t\n\t\t\t\t\t\t\t\t\t\t\tA UNIQUE key must be defined for the columns (\u2018item_id\u2019,\u2019warehouse_id\u2019)."
    ],
    "answer": "CD",
    "answerDescription": "",
    "votes": [],
    "comments": [
      {
        "date": "2020-05-12T08:06:00.000Z",
        "voteCount": 1,
        "content": "The Answer is B and D ,\nand the reason not using InnoDB as the engine on all tables."
      }
    ],
    "examNameCode": "1z0-882",
    "topicNumber": "1"
  },
  {
    "topic": 1,
    "index": 31,
    "url": "https://www.examtopics.com/discussions/oracle/view/75623-exam-1z0-882-topic-1-question-68-discussion/",
    "body": "You have been tasked to create a database that will store a list of all managers and the employees who report directly to them. The following is stipulated:<br>\u2711 No manage is managing more than three people.<br>\u2711 No employee can work for more than one manage.<br>Which of these designs represents a normalized schema that meets the project requirements?<br>",
    "options": [
      "<span class=\"multi-choice-letter\" data-choice-letter=\"A\">\n\t\t\t\t\t\t\t\t\t\t\t\t\tA.\n\t\t\t\t\t\t\t\t\t\t\t\t</span>\n\t\t\t\t\t\t\t\t\t\t\t\n\t\t\t\t\t\t\t\t\t\t\tCREATE TABLE manager manager varchar (50) DEFAULT NULL, employee2 varchar (50) DEFAULT NULL, employee varchar (50) DEFAULT NULL, UNIQUE ( manager , employee1,  employee2, employee3) )",
      "<span class=\"multi-choice-letter\" data-choice-letter=\"B\">\n\t\t\t\t\t\t\t\t\t\t\t\t\tB.\n\t\t\t\t\t\t\t\t\t\t\t\t</span>\n\t\t\t\t\t\t\t\t\t\t\t\n\t\t\t\t\t\t\t\t\t\t\tCREATE TABLE managers ( \"id\u2019 int(11) NOT NULL AUTO_INCREMENT, manager varchar (50) DEFAULT NULL , PRIMARY KEY (id) ) CREATE TABLE \"employees\u2019 ( id int(11) NOT NULL AUTO _INCREMENT, manager_id int(11) DEFAULT NULL, employee varchar (25) DEFAULT NULL, PRIMARY KEY (id) )",
      "<span class=\"multi-choice-letter\" data-choice-letter=\"C\">\n\t\t\t\t\t\t\t\t\t\t\t\t\tC.\n\t\t\t\t\t\t\t\t\t\t\t\t</span>\n\t\t\t\t\t\t\t\t\t\t\t\n\t\t\t\t\t\t\t\t\t\t\tCREATE TABLE manager ( manager varchar (50) DEFAULT NULL, employee_listvarchar (150) DEFAULT NULL, )",
      "<span class=\"multi-choice-letter\" data-choice-letter=\"D\">\n\t\t\t\t\t\t\t\t\t\t\t\t\tD.\n\t\t\t\t\t\t\t\t\t\t\t\t</span>\n\t\t\t\t\t\t\t\t\t\t\t\n\t\t\t\t\t\t\t\t\t\t\tCREATE TABLE message ( id int(11) NOT NULL AUTO_INCREMENT, manager varchar(50) DEFAULT NULL, PRIMARY KEY (\"id\u2019) ) CREATE TABLE employees ( id int (11) NOT NULL AUTO _INCREMENT,  employees varchar(25) DEFAULT NULL,"
    ],
    "answer": "A",
    "answerDescription": "",
    "votes": [],
    "comments": [
      {
        "date": "2022-05-14T08:51:00.000Z",
        "voteCount": 1,
        "content": "For A : \"manager\" is not valid at this posicion..."
      }
    ],
    "examNameCode": "1z0-882",
    "topicNumber": "1"
  },
  {
    "topic": 1,
    "index": 32,
    "url": "https://www.examtopics.com/discussions/oracle/view/75624-exam-1z0-882-topic-1-question-69-discussion/",
    "body": "Given the data:<br><img src=\"/assets/media/exam-media/02338/0004900001.jpg\" class=\"in-exam-image\"><br>Expected output:<br><img src=\"/assets/media/exam-media/02338/0005000001.jpg\" class=\"in-exam-image\"><br>Which query produces the expected output?<br>",
    "options": [
      "<span class=\"multi-choice-letter\" data-choice-letter=\"A\">\n\t\t\t\t\t\t\t\t\t\t\t\t\tA.\n\t\t\t\t\t\t\t\t\t\t\t\t</span>\n\t\t\t\t\t\t\t\t\t\t\t\n\t\t\t\t\t\t\t\t\t\t\tSELECT colors2.name, colors1.name FROM colors2 OPTIONAL JOIN colors1 ON colors2.name, colors1.name",
      "<span class=\"multi-choice-letter\" data-choice-letter=\"B\">\n\t\t\t\t\t\t\t\t\t\t\t\t\tB.\n\t\t\t\t\t\t\t\t\t\t\t\t</span>\n\t\t\t\t\t\t\t\t\t\t\t\n\t\t\t\t\t\t\t\t\t\t\tSELECT colors2.name, colors1.name FROM colors2 NATURAL JOIN colors1 ON colors2.name=colors1.name",
      "<span class=\"multi-choice-letter\" data-choice-letter=\"C\">\n\t\t\t\t\t\t\t\t\t\t\t\t\tC.\n\t\t\t\t\t\t\t\t\t\t\t\t</span>\n\t\t\t\t\t\t\t\t\t\t\t\n\t\t\t\t\t\t\t\t\t\t\tSELECT colors2.name, colors1.name FROM colors2 STRAIGHT JOIN colors1 ON colors2.name, =colors1.name",
      "<span class=\"multi-choice-letter\" data-choice-letter=\"D\">\n\t\t\t\t\t\t\t\t\t\t\t\t\tD.\n\t\t\t\t\t\t\t\t\t\t\t\t</span>\n\t\t\t\t\t\t\t\t\t\t\t\n\t\t\t\t\t\t\t\t\t\t\tSELECT colors2.name,colors1.name FROM colors2 LEFT JOIN colors1 ON colors2.name=colors1.name",
      "<span class=\"multi-choice-letter\" data-choice-letter=\"E\">\n\t\t\t\t\t\t\t\t\t\t\t\t\tE.\n\t\t\t\t\t\t\t\t\t\t\t\t</span>\n\t\t\t\t\t\t\t\t\t\t\t\n\t\t\t\t\t\t\t\t\t\t\tSELECT colors2.name,colors1.name FROM colors2 RIGHT JOIN colors1"
    ],
    "answer": "E",
    "answerDescription": "",
    "votes": [],
    "comments": [
      {
        "date": "2022-05-14T08:55:00.000Z",
        "voteCount": 1,
        "content": "Its posible the B?"
      }
    ],
    "examNameCode": "1z0-882",
    "topicNumber": "1"
  },
  {
    "topic": 1,
    "index": 33,
    "url": "https://www.examtopics.com/discussions/oracle/view/344-exam-1z0-882-topic-1-question-71-discussion/",
    "body": "You have access to a MySQL 5.6 database with the SELECT ,INSERT, and DELETE privileges on all tables in the mydb database.<br>The mydb database.<br>The mydb t1 table has five rows of data.<br>You use the statement below to remove all rows in the t1 table:<br>Mysql&gt; TRUNCATE TABLE mysql.t1;<br>What is the result?<br>",
    "options": [
      "<span class=\"multi-choice-letter\" data-choice-letter=\"A\">\n\t\t\t\t\t\t\t\t\t\t\t\t\tA.\n\t\t\t\t\t\t\t\t\t\t\t\t</span>\n\t\t\t\t\t\t\t\t\t\t\t\n\t\t\t\t\t\t\t\t\t\t\tThe command succeeds and o rows are affected.",
      "<span class=\"multi-choice-letter\" data-choice-letter=\"B\">\n\t\t\t\t\t\t\t\t\t\t\t\t\tB.\n\t\t\t\t\t\t\t\t\t\t\t\t</span>\n\t\t\t\t\t\t\t\t\t\t\t\n\t\t\t\t\t\t\t\t\t\t\tThe command succeeds and five rows are affected.",
      "<span class=\"multi-choice-letter\" data-choice-letter=\"C\">\n\t\t\t\t\t\t\t\t\t\t\t\t\tC.\n\t\t\t\t\t\t\t\t\t\t\t\t</span>\n\t\t\t\t\t\t\t\t\t\t\t\n\t\t\t\t\t\t\t\t\t\t\tThe command fails owing to syntax error.",
      "<span class=\"multi-choice-letter\" data-choice-letter=\"D\">\n\t\t\t\t\t\t\t\t\t\t\t\t\tD.\n\t\t\t\t\t\t\t\t\t\t\t\t</span>\n\t\t\t\t\t\t\t\t\t\t\t\n\t\t\t\t\t\t\t\t\t\t\tThe command fails owing to permissions error."
    ],
    "answer": "D",
    "answerDescription": "",
    "votes": [],
    "comments": [
      {
        "date": "2020-09-26T01:30:00.000Z",
        "voteCount": 1,
        "content": "I think its a typo. normally you must have the DROP privileges for the TRUNCATE statement since version 5.1."
      },
      {
        "date": "2019-02-17T04:33:00.000Z",
        "voteCount": 1,
        "content": "Isn't it C? If you run the code the result would be mysql.t1 doesn't exist. The database name is mydb not mysql."
      }
    ],
    "examNameCode": "1z0-882",
    "topicNumber": "1"
  },
  {
    "topic": 1,
    "index": 34,
    "url": "https://www.examtopics.com/discussions/oracle/view/18196-exam-1z0-882-topic-1-question-72-discussion/",
    "body": "Which two queries return a value of NULL?<br>",
    "options": [
      "<span class=\"multi-choice-letter\" data-choice-letter=\"A\">\n\t\t\t\t\t\t\t\t\t\t\t\t\tA.\n\t\t\t\t\t\t\t\t\t\t\t\t</span>\n\t\t\t\t\t\t\t\t\t\t\t\n\t\t\t\t\t\t\t\t\t\t\tSELECT NULL =NULL",
      "<span class=\"multi-choice-letter\" data-choice-letter=\"B\">\n\t\t\t\t\t\t\t\t\t\t\t\t\tB.\n\t\t\t\t\t\t\t\t\t\t\t\t</span>\n\t\t\t\t\t\t\t\t\t\t\t\n\t\t\t\t\t\t\t\t\t\t\tSELECT NULL is NULL",
      "<span class=\"multi-choice-letter\" data-choice-letter=\"C\">\n\t\t\t\t\t\t\t\t\t\t\t\t\tC.\n\t\t\t\t\t\t\t\t\t\t\t\t</span>\n\t\t\t\t\t\t\t\t\t\t\t\n\t\t\t\t\t\t\t\t\t\t\tSELECT NULL &lt;= &gt; NULL",
      "<span class=\"multi-choice-letter\" data-choice-letter=\"D\">\n\t\t\t\t\t\t\t\t\t\t\t\t\tD.\n\t\t\t\t\t\t\t\t\t\t\t\t</span>\n\t\t\t\t\t\t\t\t\t\t\t\n\t\t\t\t\t\t\t\t\t\t\tSELECT 1 &gt; NULL",
      "<span class=\"multi-choice-letter\" data-choice-letter=\"E\">\n\t\t\t\t\t\t\t\t\t\t\t\t\tE.\n\t\t\t\t\t\t\t\t\t\t\t\t</span>\n\t\t\t\t\t\t\t\t\t\t\t\n\t\t\t\t\t\t\t\t\t\t\tSELECT COUNT (NULL);"
    ],
    "answer": "AD",
    "answerDescription": "",
    "votes": [],
    "comments": [
      {
        "date": "2020-09-24T09:28:00.000Z",
        "voteCount": 2,
        "content": "A and D is correct."
      },
      {
        "date": "2020-04-10T21:43:00.000Z",
        "voteCount": 1,
        "content": "A, B, D the right answers ."
      }
    ],
    "examNameCode": "1z0-882",
    "topicNumber": "1"
  },
  {
    "topic": 1,
    "index": 35,
    "url": "https://www.examtopics.com/discussions/oracle/view/364-exam-1z0-882-topic-1-question-75-discussion/",
    "body": "The people table contains the data as shown:<br><img src=\"/assets/media/exam-media/02338/0005300001.jpg\" class=\"in-exam-image\"><br>Which two statements return two rows each?<br>",
    "options": [
      "<span class=\"multi-choice-letter\" data-choice-letter=\"A\">\n\t\t\t\t\t\t\t\t\t\t\t\t\tA.\n\t\t\t\t\t\t\t\t\t\t\t\t</span>\n\t\t\t\t\t\t\t\t\t\t\t\n\t\t\t\t\t\t\t\t\t\t\tSELECT  DISTINCT last_name, first_name FROM people",
      "<span class=\"multi-choice-letter\" data-choice-letter=\"B\">\n\t\t\t\t\t\t\t\t\t\t\t\t\tB.\n\t\t\t\t\t\t\t\t\t\t\t\t</span>\n\t\t\t\t\t\t\t\t\t\t\t\n\t\t\t\t\t\t\t\t\t\t\tSELECT 1,2 FROM people GROUP BY last_name",
      "<span class=\"multi-choice-letter\" data-choice-letter=\"C\">\n\t\t\t\t\t\t\t\t\t\t\t\t\tC.\n\t\t\t\t\t\t\t\t\t\t\t\t</span>\n\t\t\t\t\t\t\t\t\t\t\t\n\t\t\t\t\t\t\t\t\t\t\tSELECT first_name, last _name FROM people WHERE age LIKE \u20182\u2019",
      "<span class=\"multi-choice-letter\" data-choice-letter=\"D\">\n\t\t\t\t\t\t\t\t\t\t\t\t\tD.\n\t\t\t\t\t\t\t\t\t\t\t\t</span>\n\t\t\t\t\t\t\t\t\t\t\t\n\t\t\t\t\t\t\t\t\t\t\tSELECT 1, 2 FROM people WHERE last _name =\u2019smith\u2019",
      "<span class=\"multi-choice-letter\" data-choice-letter=\"E\">\n\t\t\t\t\t\t\t\t\t\t\t\t\tE.\n\t\t\t\t\t\t\t\t\t\t\t\t</span>\n\t\t\t\t\t\t\t\t\t\t\t\n\t\t\t\t\t\t\t\t\t\t\tSELECT first _name, last_name FROM people LIMIT 1, 2"
    ],
    "answer": "CE",
    "answerDescription": "",
    "votes": [],
    "comments": [
      {
        "date": "2019-06-30T09:57:00.000Z",
        "voteCount": 1,
        "content": "You are right Lara. Some of the answers are wrong but anyway, we know what we will face in the exam :D"
      },
      {
        "date": "2019-02-18T04:43:00.000Z",
        "voteCount": 1,
        "content": "I checked and tested this one out and it should be B &amp; E instead of C &amp; E. The question asks which queries return 2 rows. Letter B returns no record because it didn't provide any wildcard."
      }
    ],
    "examNameCode": "1z0-882",
    "topicNumber": "1"
  },
  {
    "topic": 1,
    "index": 36,
    "url": "https://www.examtopics.com/discussions/oracle/view/12807-exam-1z0-882-topic-1-question-81-discussion/",
    "body": "You execute this EXPLAIN statement for a SELECT statement on the table named comics.which contains 1183 rows:<br>Mysql&gt; explain select comic_ title, publisher from comics where comic_title like &amp; Action&amp;;<br><img src=\"/assets/media/exam-media/02338/0005800001.jpg\" class=\"in-exam-image\"><br>1   row in set (0.00 sec)<br>You create the following index:<br>CREATE INDEX cimic_title_idx ON comics (comic_title, publisher);<br>You run the same EXPLAIN statement again;<br>Mysql &gt; explain select comic_title ,publisher from comics where comic_title like &amp; Action&amp;;<br><img src=\"/assets/media/exam-media/02338/0005900001.jpg\" class=\"in-exam-image\"><br>1 row in set (0.00 sec)<br>Why did the second SELECT statement need to read all 1183 rows in the index comic_title_idx?<br>",
    "options": [
      "<span class=\"multi-choice-letter\" data-choice-letter=\"A\">\n\t\t\t\t\t\t\t\t\t\t\t\t\tA.\n\t\t\t\t\t\t\t\t\t\t\t\t</span>\n\t\t\t\t\t\t\t\t\t\t\t\n\t\t\t\t\t\t\t\t\t\t\tBecause comic_title is not the primary key",
      "<span class=\"multi-choice-letter\" data-choice-letter=\"B\">\n\t\t\t\t\t\t\t\t\t\t\t\t\tB.\n\t\t\t\t\t\t\t\t\t\t\t\t</span>\n\t\t\t\t\t\t\t\t\t\t\t\n\t\t\t\t\t\t\t\t\t\t\tBecause a LIKE statement always requires a full tables scan",
      "<span class=\"multi-choice-letter\" data-choice-letter=\"C\">\n\t\t\t\t\t\t\t\t\t\t\t\t\tC.\n\t\t\t\t\t\t\t\t\t\t\t\t</span>\n\t\t\t\t\t\t\t\t\t\t\t\n\t\t\t\t\t\t\t\t\t\t\tBecause comic _title is part of acovering index",
      "<span class=\"multi-choice-letter\" data-choice-letter=\"D\">\n\t\t\t\t\t\t\t\t\t\t\t\t\tD.\n\t\t\t\t\t\t\t\t\t\t\t\t</span>\n\t\t\t\t\t\t\t\t\t\t\t\n\t\t\t\t\t\t\t\t\t\t\tBecause a wildcard character is at the beginning of the search word"
    ],
    "answer": "B",
    "answerDescription": "",
    "votes": [],
    "comments": [
      {
        "date": "2020-09-26T02:01:00.000Z",
        "voteCount": 1,
        "content": "@lorrazen: thats true but '&amp;' is not a wildcard character. you can just use '%' and '_' as wildcards."
      },
      {
        "date": "2020-01-26T17:58:00.000Z",
        "voteCount": 1,
        "content": "isn't D?Because the wildcard comes at first so that index will not be used.\nref: http://dev.mysql.com/doc/refman/5.0/en/scalar-subqueries.html"
      }
    ],
    "examNameCode": "1z0-882",
    "topicNumber": "1"
  },
  {
    "topic": 1,
    "index": 37,
    "url": "https://www.examtopics.com/discussions/oracle/view/17046-exam-1z0-882-topic-1-question-91-discussion/",
    "body": "You have two lists of values to correlate.<br><img src=\"/assets/media/exam-media/02338/0006500002.jpg\" class=\"in-exam-image\"><br>Which query lists all names in colors1 and how many total matches are there in colors2?<br>",
    "options": [
      "<span class=\"multi-choice-letter\" data-choice-letter=\"A\">\n\t\t\t\t\t\t\t\t\t\t\t\t\tA.\n\t\t\t\t\t\t\t\t\t\t\t\t</span>\n\t\t\t\t\t\t\t\t\t\t\t\n\t\t\t\t\t\t\t\t\t\t\tSELECT colors1.name.count (colors2.name) FROM colors1.colors2 WHERE colors1.name = (SELECT DISTINCT name FROM colors2 WHERE colors1.name=colors2.name) GROUP BY colors1.name;",
      "<span class=\"multi-choice-letter\" data-choice-letter=\"B\">\n\t\t\t\t\t\t\t\t\t\t\t\t\tB.\n\t\t\t\t\t\t\t\t\t\t\t\t</span>\n\t\t\t\t\t\t\t\t\t\t\t\n\t\t\t\t\t\t\t\t\t\t\tSELECT colors1.name, count(colorse2.name) FROM colors1.name = colors2.name WHERE colors1.name =colors2.name GROUP BY colors1.name;",
      "<span class=\"multi-choice-letter\" data-choice-letter=\"C\">\n\t\t\t\t\t\t\t\t\t\t\t\t\tC.\n\t\t\t\t\t\t\t\t\t\t\t\t</span>\n\t\t\t\t\t\t\t\t\t\t\t\n\t\t\t\t\t\t\t\t\t\t\tSELECT  colors1.name count (colors2.name) FROM colors1 INNER JOIN colors2 on colors1.name =colors2.name GROUP BY colors1.name;",
      "<span class=\"multi-choice-letter\" data-choice-letter=\"D\">\n\t\t\t\t\t\t\t\t\t\t\t\t\tD.\n\t\t\t\t\t\t\t\t\t\t\t\t</span>\n\t\t\t\t\t\t\t\t\t\t\t\n\t\t\t\t\t\t\t\t\t\t\tSELECT colors1.name, count (colors2.name) FROM  JOIN colors2 on colors1.name = colors2.name GROUP BY colors1.name;",
      "<span class=\"multi-choice-letter\" data-choice-letter=\"E\">\n\t\t\t\t\t\t\t\t\t\t\t\t\tE.\n\t\t\t\t\t\t\t\t\t\t\t\t</span>\n\t\t\t\t\t\t\t\t\t\t\t\n\t\t\t\t\t\t\t\t\t\t\tSELECT colors1.name, count (colors2.name) FROM  colors1 RIGHT JOIN colors1 on colors1.name =colors2.name"
    ],
    "answer": "D",
    "answerDescription": "",
    "votes": [],
    "comments": [
      {
        "date": "2020-03-20T05:25:00.000Z",
        "voteCount": 1,
        "content": "The correct answer should be C. \nD will generate Error"
      }
    ],
    "examNameCode": "1z0-882",
    "topicNumber": "1"
  },
  {
    "topic": 1,
    "index": 38,
    "url": "https://www.examtopics.com/discussions/oracle/view/17049-exam-1z0-882-topic-1-question-99-discussion/",
    "body": "A MySQL command- line client is started with safe updates disabled.<br><br>Mysql - -safe  updates=0 -<br>What happens when you execute an UPDATE statement without a WHERE clause?<br>",
    "options": [
      "<span class=\"multi-choice-letter\" data-choice-letter=\"A\">\n\t\t\t\t\t\t\t\t\t\t\t\t\tA.\n\t\t\t\t\t\t\t\t\t\t\t\t</span>\n\t\t\t\t\t\t\t\t\t\t\t\n\t\t\t\t\t\t\t\t\t\t\tResults in an error",
      "<span class=\"multi-choice-letter\" data-choice-letter=\"B\">\n\t\t\t\t\t\t\t\t\t\t\t\t\tB.\n\t\t\t\t\t\t\t\t\t\t\t\t</span>\n\t\t\t\t\t\t\t\t\t\t\t\n\t\t\t\t\t\t\t\t\t\t\tUpdates every row in the specified table(s)",
      "<span class=\"multi-choice-letter\" data-choice-letter=\"C\">\n\t\t\t\t\t\t\t\t\t\t\t\t\tC.\n\t\t\t\t\t\t\t\t\t\t\t\t</span>\n\t\t\t\t\t\t\t\t\t\t\t\n\t\t\t\t\t\t\t\t\t\t\tResults in - -safe-updates being enabled automatically",
      "<span class=\"multi-choice-letter\" data-choice-letter=\"D\">\n\t\t\t\t\t\t\t\t\t\t\t\t\tD.\n\t\t\t\t\t\t\t\t\t\t\t\t</span>\n\t\t\t\t\t\t\t\t\t\t\t\n\t\t\t\t\t\t\t\t\t\t\tCauses a syntax error"
    ],
    "answer": "A",
    "answerDescription": "Reference:<br>http://justalittlebrain.wordpress.com/2010/09/15/you-are-using-safe-update-mode-and-you-tried-to-update-a-table-without-a-where-that-uses-a-key- column/",
    "votes": [],
    "comments": [
      {
        "date": "2020-09-24T09:16:00.000Z",
        "voteCount": 1,
        "content": "The correct answer is B."
      },
      {
        "date": "2020-03-20T06:00:00.000Z",
        "voteCount": 1,
        "content": "The result will be C.\nIf safe update is enabled then will generate error"
      }
    ],
    "examNameCode": "1z0-882",
    "topicNumber": "1"
  }
]